customer_id,Min Recency,Count Product ID,Sum of Profit
1,7,11,3018.0899999999997
2,128,3,2226.26
3,102,8,3362.81
4,195,2,220.57
5,16,6,2394.94
6,64,5,3946.55
7,253,3,220.10999999999999
8,22,10,7066.939999999999
9,78,6,2353.1099999999997
10,33,6,3358.28
11,46,6,3638.84
12,67,7,3540.03
13,27,7,4337.38
14,47,4,1713.9
15,35,6,1728.39
16,99,5,4521.84
17,0,5,2015.6099999999997
18,134,7,3543.38
19,102,3,2951.79
20,31,4,3608.2799999999997
21,6,5,4229.41
22,97,8,5159.84
23,10,7,4376.150000000001
24,17,8,3689.35
25,5,12,5333.660000000001
26,113,3,268.2399999999999
27,143,7,3274.25
28,83,6,3366.5600000000004
29,22,9,6175.299999999999
30,11,3,2633.95
31,89,4,426.10999999999996
32,138,7,2823.12
33,38,7,5294.27
34,102,9,4825.590000000001
35,92,4,3706.5099999999998
36,163,2,204.35999999999999
37,7,9,6338.49
38,50,4,2025.34
39,34,12,6085.17
40,14,6,4552.1
41,29,9,4698.889999999999
42,111,4,427.04
43,61,9,3619.95
44,35,7,4768.280000000001
45,43,3,1048.1499999999999
46,53,5,1623.6299999999999
47,35,7,4332.1900000000005
48,82,8,5561.08
49,36,5,4248.68
50,26,8,5783.66
51,55,8,4855.400000000001
52,4,7,5417.83
53,7,5,2950.0699999999997
54,67,7,4098.210000000001
55,46,8,3220.8599999999997
56,2,7,1275.2399999999998
57,35,6,5117.960000000001
58,20,8,3501.37
59,22,3,2628.37
60,200,2,647.22
61,47,7,4254.24
62,5,6,4920.88
63,68,3,2190.05
64,3,5,546.6799999999998
65,136,6,4441.61
66,43,5,4549.2
67,116,5,1203.29
68,84,3,3842.5599999999995
69,20,6,5294.75
70,4,5,2736.9
71,131,1,155.6500000000001
72,22,5,2559.7799999999997
73,168,6,2316.5099999999998
74,28,3,966.5200000000001
75,60,8,4979.9400000000005
76,1,8,2868.16
77,101,3,1657.5800000000002
78,211,2,82.25999999999999
79,43,6,2597.46
80,28,10,5988.860000000001
81,4,4,3249.0200000000004
82,78,5,2924.37
83,80,6,1798.2
84,28,7,2295.2200000000003
85,37,6,563.3699999999999
86,0,9,2360.0899999999997
87,18,9,3740.7599999999998
88,74,6,2534.33
89,4,9,5779.65
90,30,7,2990.73
91,9,8,5242.41
92,34,3,2967.4399999999996
93,79,3,2976.41
94,33,7,4902.21
95,38,4,3050.8099999999995
96,70,4,1135.25
97,102,8,4911.21
98,122,5,1930.5600000000002
99,2,9,4557.65
100,11,2,877.4
101,8,4,2589.89
102,42,7,2587.01
103,49,5,913.3199999999999
104,64,9,3550.26
105,89,4,3475.04
106,1,3,2513.69
107,81,4,2343.9700000000003
108,10,3,2557.4199999999996
109,8,10,4430.66
110,14,7,2621.5499999999997
111,147,4,3014.5299999999997
112,47,6,5742.1900000000005
113,175,6,2329.49
114,70,4,2195.26
115,14,8,3135.87
116,12,8,2447.5400000000004
117,5,10,6917.340000000001
118,69,5,3550.1
119,30,4,4217.24
120,129,3,1306.7800000000002
121,111,4,2892.0899999999992
122,8,5,2695.22
123,191,4,3245.75
124,2,7,4054.25
125,83,10,3345.01
126,11,3,1096.46
127,23,10,3993.71
128,137,4,2193.0600000000004
129,178,4,2753.7499999999995
130,76,2,1779.58
131,205,6,5494.91
132,7,6,2780.7200000000003
133,26,5,803.8900000000001
134,14,6,2946.42
135,115,7,4549.5
136,20,8,3543.2000000000007
137,27,5,1496.4499999999998
138,64,7,3377.12
139,26,9,5161.4400000000005
140,3,6,2699.9
141,159,3,2138.3500000000004
142,4,11,3917.3400000000006
143,13,4,2474.77
144,6,8,4888.0199999999995
145,28,7,3140.2999999999997
146,194,2,217.05999999999995
147,34,6,5034.16
148,43,5,3268.4
149,18,6,2204.48
150,75,4,2446.51
151,0,8,5665.410000000001
152,158,2,1966.88
153,64,7,5522.509999999999
154,23,6,683.6300000000001
155,8,3,1088.42
156,16,5,3095.3699999999994
157,135,4,492.2299999999999
158,65,6,4627.35
159,66,6,2935.37
160,93,2,2614.1600000000003
161,159,1,459.46000000000015
162,98,3,1329.61
163,114,2,1101.28
164,198,3,786.1400000000001
165,8,9,6182.52
166,63,8,4197.44
167,14,9,5993.34
168,136,9,5800.600000000001
169,61,3,696.26
170,100,4,1820.81
171,18,9,4833.14
172,11,8,2348.66
173,15,9,6549.51
174,11,10,7628.239999999999
175,64,5,2170.54
176,22,5,3090.07
177,37,12,4108.599999999999
178,32,4,2184.5800000000004
179,40,3,1814.59
180,11,7,4065.35
181,50,6,2365.24
182,13,7,5409.120000000001
183,102,6,3187.8399999999997
184,32,3,2181.35
185,8,7,3547.68
186,23,6,2166.17
187,14,7,3014.8799999999997
188,15,6,2658.8700000000003
189,3,5,5329.98
190,29,4,704.2800000000002
191,105,1,834.9399999999999
192,79,4,1519.4700000000003
193,24,5,2551.5
194,108,3,2608.2800000000007
195,0,7,9633.409999999998
196,146,8,3737.999999999999
197,27,9,3651.7100000000005
198,58,9,6631.870000000001
199,15,4,2650.53
200,7,9,7283.860000000001
201,28,8,4369.02
202,18,3,1295.91
203,11,5,1481.1200000000001
204,27,8,6287.290000000001
205,52,9,2008.27
206,77,4,3816.6499999999996
207,279,3,1630.03
208,27,5,3342.02
209,107,5,3081.0700000000006
210,22,6,2957.03
211,39,9,4090.05
212,187,2,1790.41
213,28,11,8544.5
214,56,6,2498.8399999999997
215,3,8,3889.390000000001
216,16,5,2152.05
217,4,8,2335.6900000000005
218,14,5,1476.17
219,40,7,1688.3300000000002
220,15,6,4304.11
221,18,6,3865.6800000000003
222,20,2,1428.06
223,52,7,4410.07
224,1,6,3692.0900000000006
225,37,3,1587.5500000000002
226,116,2,1173.8600000000001
227,26,5,3906.0299999999997
228,77,5,3719.75
229,60,5,1811.84
230,36,11,5319.630000000001
231,45,4,2344.5200000000004
232,141,6,3157.59
233,17,6,2187.09
234,11,10,5763.129999999999
235,2,11,4685.82
236,6,4,2434.64
237,26,8,3635.0399999999995
238,107,5,3112.5699999999997
239,1,9,5928.23
240,88,6,2338.2099999999996
241,47,4,1922.8200000000002
242,131,7,2558.7
243,74,6,2193.55
244,194,4,3269.2
245,12,5,2213.02
246,27,9,3174.1600000000003
247,112,7,4913.16
248,134,7,3193.3199999999997
249,47,9,2236.13
250,31,7,4019.05
251,38,4,1210
252,62,5,2597.6400000000003
253,17,5,1191.29
254,41,7,6780.95
255,57,12,6813.820000000002
256,0,5,1728.66
257,92,5,3650.5300000000007
258,18,5,1642.58
259,27,4,2124.65
260,8,9,3381.41
261,50,9,4033.1499999999996
262,10,5,2117.8599999999997
263,46,7,3476.94
264,48,5,1025.2999999999997
265,79,4,2692.9100000000003
266,32,4,1742.83
267,130,4,2337.9900000000007
268,69,4,2713.19
269,168,5,1668.85
270,7,7,4625.21
271,202,2,1026.2700000000002
272,91,7,3842.0699999999997
273,28,10,6519.24
274,149,4,790.06
275,132,7,4141.68
276,3,6,1107.9499999999998
277,21,4,1967.13
278,248,1,827.1599999999999
279,14,6,2455.93
280,43,11,7360.530000000001
281,9,4,2233.67
282,69,2,624.15
283,91,6,4926.569999999999
284,133,5,3251.42
285,7,6,2626.74
286,137,4,1954.7
287,138,1,1408.91
288,44,4,1808.7299999999996
289,44,10,3924.11
290,11,5,3368.28
291,40,2,605.01
292,58,7,3631.6000000000004
293,10,5,1991.9300000000003
294,115,7,5509.669999999999
295,34,7,4539.900000000001
296,8,3,2515.29
297,8,4,3599.1800000000003
298,8,11,5285.59
299,92,7,6897.92
300,156,5,3475.8999999999996
301,93,2,89.71000000000001
302,276,2,255.41000000000014
303,43,3,3247.08
304,80,9,2785.04
305,33,7,2700.88
306,123,2,239.35000000000002
307,15,9,3660.9499999999994
308,25,6,4086.21
309,9,4,2208.58
310,8,7,4744.19
311,61,6,4054.4800000000005
312,13,6,5001.71
313,17,6,3186.6300000000006
314,20,8,3200.15
315,27,9,2200.11
316,11,4,2158.71
317,51,5,3537.3900000000003
318,9,7,3632.1800000000007
319,71,5,3955.91
320,12,10,7204.66
321,12,5,2006.1799999999998
322,1,12,10341.57
323,35,6,2020.7300000000002
324,21,5,1779.6999999999996
325,133,7,4465.08
326,161,3,1201.25
327,16,5,3498.63
328,4,8,2357.8
329,34,6,3618.01
330,107,6,5296.799999999999
331,82,7,4404.67
332,263,2,239.35000000000002
333,22,7,3320.1000000000004
334,56,6,2127.5899999999997
335,24,2,456.9899999999999
336,82,5,2598.16
337,37,6,3388.8199999999997
338,10,7,2343.71
339,58,5,4327.240000000001
340,30,8,2781.3599999999997
341,134,2,955.0799999999999
342,93,4,667.15
343,103,9,5193.5599999999995
344,8,9,8101.260000000001
345,19,7,3971.4599999999996
346,12,9,6420.699999999999
347,59,7,8326.37
348,125,6,2071.99
349,166,5,1669.2600000000002
350,4,6,1008.7100000000002
351,11,2,1438.6200000000001
352,25,6,4404.4
353,23,11,6792.83
354,67,6,3101.7200000000003
355,45,5,2662.75
356,61,5,2358
357,15,8,4455.490000000001
358,70,2,1405.99
359,8,10,2921.7599999999998
360,8,5,5070.23
361,146,7,3428.15
362,0,5,1473.04
363,14,6,9458.169999999998
364,11,6,3329.97
365,50,7,4724.039999999999
366,115,6,2692.7000000000003
367,43,6,3634.4500000000007
368,13,9,3939.7299999999996
369,101,8,3931.7699999999995
370,111,7,3290.26
371,9,5,5004.5199999999995
372,31,8,2598.13
373,223,1,1103.43
374,13,6,5271.75
375,91,4,487.99999999999994
376,43,3,368.1700000000001
377,6,13,4276.97
378,124,7,3236.32
379,145,2,640.9300000000001
380,35,8,6196.160000000001
381,2,8,4534.240000000001
382,35,7,1657.4499999999998
383,51,3,987.4899999999999
384,85,5,2917.5899999999997
385,78,9,5220.5199999999995
386,66,5,2415.9700000000003
387,31,3,3417.7799999999997
388,55,3,1834.0300000000002
389,113,6,2123.26
390,76,6,1511.2
391,56,4,1315.06
392,101,7,5025.31
393,146,2,866.5799999999999
394,45,8,5445.460000000001
395,30,7,4597.74
396,29,6,4647.13
397,45,6,2618
398,12,7,938.4999999999998
399,49,6,5020.5
400,134,5,2688.92
401,29,7,3643.03
402,56,6,4965.43
403,56,6,3653.6899999999996
404,18,9,4965.7
405,14,6,3338.3399999999997
406,106,6,3486.14
407,9,9,4096.0599999999995
408,17,5,3082.28
409,13,4,2267.84
410,6,7,2177.9300000000003
411,187,5,2553.83
412,27,3,1055.03
413,167,5,3822.8
414,47,6,2304.56
415,248,2,1490.77
416,88,5,3085.98
417,70,8,3807.6400000000003
418,28,6,3325.13
419,14,7,5027.370000000001
420,59,10,3652.1700000000005
421,56,6,3952.1499999999996
422,133,4,2390.84
423,141,5,1589.8199999999997
424,74,7,4525.1900000000005
425,25,7,7388.6
426,59,9,6933.150000000001
427,109,4,2515.6800000000003
428,51,8,3355.11
429,18,8,3652.2600000000007
430,65,6,5625.17
431,98,2,1215.34
432,21,8,5110.17
433,15,9,3754.1600000000003
434,297,2,1027.8899999999999
435,102,4,4727.75
436,50,3,2124.71
437,48,6,3045.6
438,51,8,7692.39
439,99,6,2750.2400000000007
440,11,8,2481.1899999999996
441,62,3,1750.76
442,13,7,2789.25
443,4,7,3171.14
444,45,7,3807.4599999999996
445,24,11,8081.8600000000015
446,52,8,5363.299999999999
447,0,6,2781.88
448,188,5,2413.08
449,133,6,3292.4000000000005
450,82,4,3178.3
451,66,6,2560.3700000000003
452,24,5,1561.59
453,41,8,2292.05
454,49,7,4738.75
455,67,3,1600.9
456,88,5,2183.1
457,115,5,3680.3399999999997
458,26,5,1247.24
459,38,5,2402.3999999999996
460,17,4,2017.6600000000003
461,20,8,5722.380000000001
462,142,6,3600.2599999999998
463,59,7,3829.7
464,9,6,2102.99
465,4,6,3488.7900000000004
466,40,7,2813.66
467,169,7,3850.32
468,94,6,4063.5899999999997
469,101,10,4177.21
470,9,7,1890.5700000000002
471,48,6,3918.1100000000006
472,49,5,3309.79
473,115,9,8364.66
474,97,2,1520.73
475,24,7,2907.28
476,9,4,1353.61
477,35,5,3375.06
478,3,9,3320.2100000000005
479,76,9,3335.2000000000007
480,17,2,644.0199999999999
481,14,2,1617.21
482,75,10,5887.2
483,40,7,2307.7799999999997
484,19,5,1704.78
485,14,6,2715.28
486,91,5,4915.7699999999995
487,139,2,687.5100000000001
488,27,7,1172.1
489,124,5,2073.68
490,53,9,4593.01
491,68,7,2735.71
492,89,4,2707.8999999999996
493,75,3,151.93999999999997
494,133,3,894.9899999999999
495,128,6,4087.04
496,45,4,1310.7700000000002
497,59,4,1061.48
498,7,7,4982.41
499,55,11,4043.58
500,24,8,3977.8100000000004
501,128,4,1392.59
502,131,5,2959.5800000000004
503,83,4,1280.6399999999996
504,136,8,2714.76
505,14,5,3369.4700000000003
506,56,10,6985.240000000001
507,36,8,4290.77
508,155,6,3533.36
509,89,6,4389.7300000000005
510,59,2,1694.59
511,11,5,2782.8799999999997
512,95,4,1136.3400000000001
513,14,5,4222.14
514,123,5,2144.29
515,14,9,6986.24
516,19,10,4722.210000000001
517,10,6,2632.16
518,261,3,938.2500000000001
519,55,4,2326.3900000000003
520,16,5,819.2600000000002
521,154,2,624.9000000000001
522,41,4,1663.83
523,18,6,2795.77
524,138,7,2024.5299999999997
525,119,8,3584.83
526,154,3,1111.55
527,43,2,1694.76
528,134,7,4175.150000000001
529,12,6,2339.14
530,162,3,1751.35
531,61,6,1761.4599999999998
532,28,6,3920.83
533,2,6,5387.05
534,6,8,4809.950000000001
535,73,2,1261.57
536,32,4,3662.2999999999993
537,49,3,825.73
538,4,7,6447.1500000000015
539,36,8,1676.43
540,79,6,1821.0300000000004
541,137,5,2755.28
542,38,6,2098.52
543,0,5,1924.15
544,173,4,2246.42
545,6,6,5665.79
546,37,5,4449.529999999999
547,74,6,2901.19
548,10,7,4223.29
549,40,8,3751.7499999999995
550,14,5,1437.7199999999998
551,152,4,2850
552,159,4,1577.7000000000003
553,19,6,2566.27
554,38,3,1670.6699999999998
555,165,4,3505.6299999999997
556,9,5,3985.0299999999997
557,181,2,830.3100000000001
558,35,7,3513.0200000000004
559,6,4,1824.4800000000002
560,41,6,3583.46
561,28,6,2891.59
562,36,5,2125.01
563,33,7,1931.13
564,11,6,2143.39
565,104,10,7079.07
566,52,3,2145.56
567,60,4,439.57000000000005
568,91,7,1258.1
569,98,4,6084.139999999999
570,35,6,3446.0699999999997
571,72,3,2284.98
572,13,6,2600.44
573,105,2,1618.8300000000002
574,277,4,2172.41
575,248,2,714.24
576,7,6,4580.35
577,2,11,4242.34
578,199,7,2754.81
579,52,9,4204.6
580,24,5,2185.5099999999998
581,53,4,2223.5499999999997
582,149,4,2744.6
583,31,4,2258.1899999999996
584,132,4,1270.2099999999998
585,97,7,2991.8599999999997
586,90,4,2562.4700000000003
587,53,7,3293.38
588,19,5,3603.8500000000004
589,10,3,1397.8999999999999
590,43,12,6629.57
591,221,2,484.9599999999999
592,199,4,1071.53
593,1,6,3493.8
594,33,9,6630.720000000001
595,184,3,2011.16
596,85,3,3836.34
597,61,5,1830.3900000000003
598,131,7,3535.5600000000004
599,115,5,4319.139999999999
600,206,3,1854.7800000000002
601,58,5,1423.44
602,77,5,2568.76
603,49,7,3148.1
604,69,6,4661.959999999999
605,2,8,5025.639999999999
606,55,6,2488.5299999999997
607,58,10,7137.62
608,85,8,4050.1100000000006
609,36,4,2168.73
610,46,9,3399.91
611,3,8,3500.4400000000005
612,1,5,2115.47
613,3,6,2098.59
614,18,9,6120.460000000001
615,42,4,3620.88
616,92,4,1695.9999999999998
617,20,4,2313.43
618,308,2,1202.3899999999999
619,65,7,3378.35
620,103,8,1981.3
621,2,9,6126.81
622,266,3,1627.6899999999998
623,93,3,1636.8900000000003
624,90,3,3352.8900000000003
625,16,6,2326.08
626,54,9,3437.37
627,58,5,4597.27
628,54,5,1313.8600000000001
629,64,8,2245.4300000000003
630,53,7,3717.2100000000005
631,16,6,1767.3899999999996
632,41,3,1726.6099999999997
633,1,7,3328.4500000000003
634,17,8,4445.37
635,39,6,1220.6100000000001
636,19,7,4418.9
637,7,13,5402.47
638,60,8,3507.13
639,8,6,2516.35
640,10,8,4278.599999999999
641,202,4,2456.51
642,24,7,2724.29
643,197,4,2308.04
644,157,3,549.9999999999999
645,116,7,5192.720000000001
646,110,4,2533.4099999999994
647,42,9,5279.189999999999
648,57,7,4222.63
649,11,5,263.5399999999999
650,50,6,2904.69
651,18,3,3473.3199999999997
652,5,9,2488.8999999999996
653,37,5,2623.84
654,28,4,1884.8700000000001
655,51,6,5753.879999999999
656,10,8,3749.56
657,76,6,2729
658,97,5,2596.17
659,146,3,2481.2799999999997
660,12,4,3839.45
661,34,6,3308.0899999999997
662,86,7,3872.9999999999995
663,73,4,2132.7900000000004
664,84,5,1939.2
665,85,8,6260.02
666,41,5,2459.7599999999998
667,19,5,3802.7799999999997
668,6,7,4375.9800000000005
669,8,11,5513.279999999999
670,116,4,1542.1699999999998
671,62,6,5393.05
672,50,3,3633.1399999999994
673,2,5,2058.7
674,115,6,3008.8599999999997
675,0,3,1396.6200000000003
676,33,6,2894.8500000000004
677,71,5,940.36
678,94,4,1746.2199999999998
679,62,10,3551.2399999999993
680,14,4,3291.4300000000003
681,7,6,2244.1899999999996
682,20,7,5428.9400000000005
683,15,5,1478.67
684,42,8,2431.6000000000004
685,102,6,5218.2
686,37,5,2073.8100000000004
687,8,6,812.72
688,81,4,2967.8
689,12,3,541.3299999999999
690,64,6,3650.5
691,39,8,5678.400000000001
692,50,9,5027.490000000001
693,10,5,3763.92
694,7,5,2400.83
695,16,8,4659
696,21,7,1879.14
697,11,4,3996.6
698,76,3,1295.96
699,55,3,976.24
700,106,8,4618.11
701,32,6,2215.5600000000004
702,62,3,1905.88
703,1,5,4928.800000000001
704,10,10,4034.46
705,11,5,502.12
706,30,6,7109.399999999999
707,44,6,3368.2
708,175,3,2145.83
709,146,5,3243.2999999999997
710,39,7,6431.6900000000005
711,83,4,2685.62
712,61,8,4581.46
713,255,4,1891.1000000000001
714,59,11,3806.14
715,158,3,2410.2400000000002
716,12,6,3777.5299999999997
717,14,6,1857.27
718,34,8,2164.08
719,11,9,4227.84
720,20,10,7212.170000000002
721,4,7,6579.620000000001
722,87,5,2934.44
723,15,8,3489.9600000000005
724,23,8,5073.2699999999995
725,3,11,7321.5
726,54,3,2965.7599999999998
727,61,6,3970.03
728,25,9,6411.759999999999
729,1,10,10497.779999999999
730,14,7,3182.99
731,25,6,2695.4
732,64,5,3269.12
733,46,10,8210.300000000001
734,89,3,1140.1499999999996
735,87,4,3025.3300000000004
736,11,6,4151.86
737,54,7,4480.09
738,69,8,4706.86
739,1,10,4842.200000000001
740,61,4,2083.73
741,148,5,1091.14
742,10,6,1246.11
743,89,5,4599.29
744,23,5,1267.6799999999998
745,11,4,2066.03
746,43,6,1779.1599999999999
747,35,2,571.3799999999999
748,46,9,3516
749,80,9,1830.7199999999998
750,58,6,5391.71
751,130,2,96.62
752,20,8,2952.0100000000007
753,15,8,7727.170000000001
754,210,2,93.00999999999999
755,95,3,847.2199999999999
756,25,6,2121.61
757,72,5,2946.73
758,27,2,165.57999999999998
759,23,9,2956.4800000000005
760,26,9,4847.049999999999
761,145,5,1896.39
762,85,5,2347.98
763,74,6,3894.5099999999998
764,79,4,1364.06
765,24,10,5070.620000000001
766,16,6,2271.9300000000003
767,42,5,2438.84
768,5,9,5580.570000000001
769,19,8,5070.24
770,49,6,4457.4800000000005
771,124,6,3155.8099999999995
772,2,6,4423.8
773,72,8,5907.35
774,143,1,144.26
775,58,7,2862.330000000001
776,13,9,2201.8600000000006
777,27,6,3184.3299999999995
778,33,5,916.3199999999999
779,82,5,2465.8099999999995
780,88,3,798.6200000000001
781,125,5,2256.31
782,25,6,3627.1699999999996
783,96,5,3498.86
784,143,2,304.07
785,18,6,1813.12
786,9,7,3828.74
787,75,10,6646
788,39,7,4228.66
789,4,8,2892.76
790,14,8,4889.11
791,123,6,3819
792,17,6,3295.6500000000005
793,1,10,4778.33
794,22,7,4248.669999999999
795,18,5,2785.9800000000005
796,6,7,3815.93
797,21,4,2277.96
798,21,3,1691.8100000000002
799,10,11,7142.200000000001
800,85,6,3239.4799999999996
801,182,2,254.62999999999994
802,95,6,2893.2
803,66,6,1746.5500000000002
804,41,3,3065.9
805,122,6,2795.7500000000005
806,31,4,2189.57
807,80,4,2491.13
808,123,3,2119.72
809,45,4,492.7399999999999
810,68,4,945.1599999999999
811,174,4,496.6199999999999
812,197,3,566.34
813,50,5,1633.6100000000001
814,48,3,2154.13
815,27,6,5081.300000000001
816,53,4,1098.3999999999999
817,16,5,2328.9300000000003
818,40,6,3028.84
819,43,5,2558.04
820,3,10,4534.03
821,33,5,2925.75
822,328,1,802.26
823,23,6,5811.300000000001
824,9,4,4137.780000000001
825,10,8,2315.9700000000003
826,4,4,1454.6100000000001
827,49,8,4014.4199999999996
828,79,5,1378.3899999999999
829,12,6,4600.240000000001
830,149,6,2506.27
831,11,5,1883.5900000000001
832,17,12,8868.62
833,25,8,4776.1
834,18,4,722.3
835,7,8,3225.92
836,72,4,1768.44
837,157,3,1335.81
838,41,4,1966.08
839,106,4,826.26
840,38,6,3320.09
841,150,7,8330.089999999998
842,55,4,2137.1800000000003
843,2,6,2372.09
844,31,9,4730.32
845,97,4,1314.03
846,82,3,2129.34
847,114,5,2521.5800000000004
848,140,4,1964.5200000000002
849,27,6,4284.21
850,34,8,2838.72
851,9,4,3245.12
853,64,9,7263.66
854,8,4,2074.13
855,104,4,3050.76
856,1,7,2912.6499999999996
857,24,5,3721.9199999999996
858,11,6,2708.6
859,18,6,2289.06
860,91,4,3530.12
861,54,5,1009.34
862,54,1,309.80999999999995
863,69,4,703.6199999999999
864,46,6,4499.379999999999
865,121,7,4261
866,98,5,4753.84
867,293,6,4743.7
868,83,6,5534.83
870,61,8,3818.9700000000007
871,54,8,3502.86
872,171,1,75.48000000000002
873,31,5,3226.4599999999996
874,46,8,2786.5599999999995
875,63,6,4796.96
876,16,3,1171.02
877,17,9,4918.870000000001
878,79,3,2809.75
879,76,4,852.5000000000001
880,62,3,1751.7199999999998
881,147,3,2481.43
882,112,5,4571.93
883,47,4,705.35
884,1,6,2770.85
885,7,3,863.6799999999998
886,1,7,4067.65
887,39,8,5247.4400000000005
888,68,5,2278.7000000000003
889,36,5,2357.69
890,165,4,1561.06
891,12,5,2197.68
892,90,10,3941.7000000000007
893,75,7,4868.870000000001
894,48,8,3564.269999999999
895,61,3,1867.17
896,38,4,1669.89
897,98,8,4883.099999999999
898,205,1,179.44
899,49,6,1274.48
900,12,4,780.7
901,82,4,3812.88
902,14,9,6003.049999999999
903,16,9,3401.85
904,37,4,1496.79
905,105,8,3553.2799999999997
906,16,9,4473.87
907,26,7,1370.3700000000001
908,4,7,2880.1
909,189,5,5289.22
910,272,2,1346.38
911,56,5,633.3499999999998
912,40,7,4164.209999999999
913,63,5,2625.44
914,106,5,2530.93
915,28,5,1260.1299999999999
916,36,5,3465.0700000000006
917,35,8,5392.889999999999
918,16,6,4066.24
919,80,9,4458.889999999999
920,90,6,4144.1900000000005
921,44,8,7516.020000000002
922,188,2,41.129999999999995
923,32,7,3337.16
924,109,9,3544.439999999999
925,12,10,4371.16
926,12,6,1414.17
927,295,3,1982.12
928,11,8,2798.7200000000003
929,56,5,2540.3499999999995
930,21,3,1206.71
931,70,5,2890.0600000000004
932,3,6,2121.73
933,0,5,2817.63
934,0,8,4899.599999999999
935,53,7,5502.109999999999
936,32,12,9244.900000000001
937,15,5,2680.15
938,61,9,4819.030000000001
939,31,4,1818.27
940,52,5,3256.1400000000003
941,33,10,11668.949999999997
942,143,4,2859.47
943,112,7,6038.52
944,85,8,1978.01
945,14,7,3812.2699999999995
946,2,8,6305.599999999999
947,80,6,2981.5200000000004
948,100,3,1422.85
949,88,6,3644.49
950,32,7,3609.0899999999997
951,6,6,1740.6100000000001
952,46,5,3569.98
953,11,9,5191.52
954,113,4,3624
955,13,7,1429.36
956,173,3,936.9799999999998
957,38,5,2632.09
958,34,6,2183.7099999999996
959,76,6,2178.44
960,78,4,3516.37
961,64,4,1035.3100000000002
962,2,7,2344
963,60,12,4779.130000000001
964,1,5,2018.6
965,60,4,3867.7400000000002
966,13,4,527.74
967,66,4,3798.3500000000004
968,35,8,4422.26
969,17,5,2793.05
970,33,5,2840.81
971,48,5,4015.7799999999997
972,175,2,2158.9999999999995
973,8,8,6639.85
974,6,6,3250.13
975,10,9,3962.88
976,170,6,3830.6800000000003
977,41,5,2449.15
978,192,5,2890.8399999999997
979,5,5,3756.91
980,177,5,3071.8800000000006
981,25,7,2867
982,55,6,943.9300000000001
983,1,8,6710.060000000001
984,56,8,2294.43
985,14,4,1690.91
986,75,8,4272.969999999999
987,22,8,5180.26
988,112,2,243.94
989,25,6,4207.5
990,11,7,2353.4900000000002
991,147,6,2655.6000000000004
992,95,2,1500.3600000000001
993,0,9,2738.8900000000003
994,42,5,2069.6400000000003
995,11,7,6764.67
996,63,6,4803.1
997,59,7,2923.2899999999995
998,321,2,585.45
999,54,10,8611.95
1000,0,9,5383.48
1001,42,7,2884.19
1002,155,4,2254.5600000000004
1003,47,9,5300.38
1004,203,6,3600.94
1005,159,5,4365.25
1006,37,8,4687.53
1007,20,7,3601.96
1008,17,4,2523.5299999999997
1009,54,5,2385.01
1010,126,4,386.36
1011,242,3,1399.44
1012,9,4,2704.3900000000003
1013,95,6,2463.7900000000004
1014,4,7,3933.7900000000004
1015,26,6,2136.87
1016,66,6,1087.02
1017,226,3,2858.8900000000003
1018,26,5,2497.8
1019,42,5,2842.9
1020,89,4,1531.8999999999999
1021,28,8,5048.26
1022,83,5,6444.49
1023,125,2,492.65
1024,34,8,4560.560000000001
1025,60,8,1800.1200000000001
1026,29,7,1313.7800000000002
1027,24,6,1449.4399999999998
1028,8,7,7562.68
1029,30,6,3660.0600000000004
1030,39,8,4698.599999999999
1031,46,3,1463.88
1032,30,8,3191.12
1033,14,9,8220.05
1034,104,2,1033.56
1035,13,3,485.46000000000015
1036,162,5,3787
1037,73,8,2368.4399999999996
1038,12,4,2079.2000000000003
1039,52,7,5258.999999999999
1040,161,4,1768.4300000000003
1041,20,4,2292.51
1042,35,3,2771.37
1043,130,10,6933.549999999999
1044,112,5,2205.2700000000004
1045,113,3,2038.5800000000002
1046,52,5,1985.1000000000004
1047,57,8,2213.93
1048,133,7,2830.9399999999996
1049,32,10,4486.320000000001
1050,26,6,2535.63
1051,179,5,1294.69
1052,0,6,3260.32
1053,139,3,1566.26
1054,5,8,3406.1600000000003
1055,206,2,343.24
1056,24,7,3954.42
1057,48,4,3130.44
1058,116,3,759.57
1059,22,2,1618.8300000000002
1060,187,6,2475.28
1061,24,6,1137.94
1062,2,6,4450.85
1063,46,6,3112.6900000000005
1064,139,3,1398.3999999999999
1065,79,6,2753.32
1066,166,3,1396.98
1067,232,2,741.97
1068,4,14,4841.71
1069,204,5,1982.69
1070,0,4,3559.49
1071,39,6,3359.0899999999997
1072,46,3,2102.32
1073,17,6,2723.99
1074,16,8,4053.6800000000003
1075,67,7,2242.12
1076,9,12,8104.540000000001
1077,5,6,1658.4500000000003
1078,18,6,899.9700000000001
1079,17,4,2306.99
1080,47,3,1857.62
1081,11,5,3227.8900000000003
1082,47,5,2832.7000000000003
1083,266,2,880.99
1084,4,11,6580.560000000001
1085,64,4,1081.65
1086,13,9,4705.649999999999
1087,14,3,1521.5700000000002
1088,13,6,3595.32
1089,151,7,2349.29
1090,71,7,1529.0100000000002
1091,4,11,4183.81
1092,202,5,1245.27
1093,99,9,7159.69
1094,43,7,3632.2999999999997
1095,14,4,4498.34
1096,55,5,2086.8500000000004
1097,76,4,666.7899999999998
1098,8,8,3879.14
1099,110,2,183.1999999999999
1100,45,3,1051.23
1101,113,5,4267.42
1102,21,8,5025.4400000000005
1103,32,12,7367.880000000001
1104,11,7,2568.9700000000003
1105,16,2,2712.5699999999997
1106,24,9,5691.610000000001
1107,48,6,1972.03
1108,12,4,1338.61
1109,208,3,683.2
1110,17,6,4574.099999999999
1111,20,7,2561.15
1112,108,3,1217.23
1113,26,9,6072.48
1114,64,4,1774.1199999999997
1115,2,9,4631.23
1116,7,3,4053.9199999999996
1117,136,10,3427.6400000000003
1118,38,4,1858.97
1119,98,7,5235.710000000001
1120,1,6,1785.8300000000004
1121,7,2,327.07000000000016
1122,26,5,3026.3900000000003
1123,10,5,4235.799999999999
1124,44,3,2742.04
1125,29,5,2839.9300000000003
1126,19,4,2135.37
1127,136,4,2285.05
1128,26,5,3388.35
1129,26,13,6790.6900000000005
1130,117,5,3784.98
1131,53,8,6295.520000000001
1132,44,9,3640.6200000000003
1133,17,7,5295.09
1134,3,7,1733.79
1135,164,3,1758.9800000000002
1136,35,6,3451.8299999999995
1137,5,9,4837.1900000000005
1138,124,6,5174.4400000000005
1139,69,4,1434.57
1140,6,13,8533.23
1141,133,5,772.0999999999999
1142,38,4,1841.73
1143,4,5,3277.77
1144,17,7,5961.25
1145,13,2,1172.58
1146,73,2,1294.4
1147,165,6,4173.67
1148,8,3,1689.75
1149,188,4,2393.31
1150,103,5,6308.280000000001
1151,75,5,3449.31
1152,24,8,4516.14
1153,17,5,2501.78
1154,131,6,958.31
1155,29,7,2332.4500000000003
1156,40,4,2559.66
1157,85,7,5037.459999999999
1158,2,7,4888.97
1159,6,4,2352.2800000000007
1160,163,3,684.5199999999999
1161,12,4,2669.7399999999993
1162,136,4,1675.3100000000002
1163,48,5,1775.0100000000002
1164,153,3,346.88999999999993
1165,10,9,3286.3500000000004
1166,14,6,2539.71
1167,10,4,2641.93
1168,59,7,6128.860000000001
1169,62,7,4318.200000000001
1170,86,5,3351.7
1171,34,9,3879.32
1172,44,6,3329.4700000000003
1173,108,3,348.6199999999999
1174,8,3,1854.13
1175,218,2,1153.84
1176,77,4,842.1499999999999
1177,87,8,2447.0499999999997
1178,44,8,5167.2300000000005
1179,7,4,5068.4400000000005
1180,59,4,2305.1099999999997
1181,44,10,4513.0599999999995
1182,5,8,4046.129999999999
1183,153,5,4140.91
1184,5,6,4314.89
1185,9,3,773.8100000000002
1186,33,6,2437.2300000000005
1187,58,4,1130.52
1188,18,2,2299.82
1189,47,4,1472.66
1190,6,6,2008.2299999999998
1191,43,8,1339.2700000000002
1192,79,5,1397.3799999999999
1193,36,4,962.2199999999998
1194,28,8,4148.57
1195,19,5,3463.8100000000004
1196,18,6,1455.3799999999999
1197,7,4,1559.1300000000006
1198,68,6,2323.9199999999996
1199,43,8,2037.3199999999997
1200,79,9,4075.1699999999996
1201,82,3,807.37
1202,85,3,592.29
1203,7,1,830.2399999999999
1204,24,3,183.15999999999997
1205,22,9,5828.49
1206,83,2,889.72
1207,13,7,1126.07
1208,77,5,3238.37
1209,131,2,1809.69
1210,17,9,4716.72
1211,234,4,1495.9400000000003
1212,71,3,2331.63
1213,69,7,5490.290000000001
1214,23,4,3652.09
1215,77,8,3118.9799999999996
1216,7,4,2156.7200000000003
1217,10,7,3270.61
1218,50,6,4540.57
1219,4,3,2015.72
1220,66,5,2476.2700000000004
1221,9,7,1500.4900000000002
1222,51,3,667.99
1223,34,8,2235.3
1224,47,8,4988.3099999999995
1225,58,4,2078.5899999999997
1226,24,5,937.4400000000004
1227,61,12,4101.86
1228,132,4,922.3399999999999
1229,19,9,3005.6299999999997
1230,76,2,617.98
1231,175,2,1718.6100000000001
1232,4,9,5011.9
1233,14,9,6634.14
1234,85,8,2231.46
1235,81,3,3476.16
1236,41,5,3588.56
1237,23,11,6961.5199999999995
1238,101,6,1110.02
1239,38,7,1795.3000000000002
1240,5,4,3015.0499999999997
1241,75,7,1844.56
1242,17,3,1100.8200000000002
1243,70,10,5127.430000000001
1244,19,5,1968.6799999999998
1245,71,7,2596.2300000000005
1246,114,2,1769.48
1247,90,4,2848.94
1248,67,1,182.81000000000017
1249,106,5,4269.849999999999
1250,35,10,6093.259999999998
1251,61,4,1481.07
1252,9,7,4548.31
1253,4,4,1948.45
1254,37,7,3436.5
1255,78,3,287.3099999999999
1256,81,6,2068.61
1257,256,3,1791.15
1258,52,8,5441.22
1259,41,7,3342.1299999999997
1260,66,5,2195.2400000000002
1261,48,6,1584.5
1262,43,3,1355.3799999999997
1263,42,6,2951.0199999999995
1264,2,4,2699.7099999999996
1265,7,4,1195.6099999999997
1266,257,2,3405.0999999999995
1267,141,4,2557.4900000000007
1268,67,3,1318.2600000000004
1269,211,3,935.0600000000001
1270,205,4,2113.08
1271,187,2,950.1199999999999
1272,24,10,5029.13
1273,23,3,1551.7500000000002
1274,14,10,3573.5
1275,149,6,1540.0799999999997
1276,100,2,969.91
1277,55,3,1197.91
1278,64,4,721.51
1279,52,6,2422.29
1280,106,4,2799.4199999999996
1281,87,3,1186.6099999999997
1282,38,8,5521.409999999998
1283,93,2,1012.1
1284,78,3,106.49999999999999
1285,117,8,6456.51
1286,51,7,2415.2400000000002
1287,67,7,5456.969999999999
1288,22,5,3227.13
1289,11,6,3940.48
1290,44,9,7616.04
1291,16,7,5147.26
1292,31,5,3607.6600000000003
1293,239,5,4736.69
1294,176,3,917.3199999999999
1295,29,7,1882.9
1296,130,4,2793.2700000000004
1297,2,6,2424.53
1298,141,5,4113.36
1299,6,7,5957.78
1300,20,6,6148.619999999999
1301,12,8,2178.7099999999996
1302,29,13,5336.730000000001
1303,10,6,4352.37
1304,3,6,2321.0600000000004
1305,142,5,2825
1306,12,6,5486.099999999999
1307,90,9,4526.73
1308,15,5,4757.959999999999
1309,82,4,1400.32
1310,20,5,2289.2700000000004
1311,37,4,3572.06
1312,26,4,1292.6000000000001
1313,7,8,4753.51
1314,27,6,3092.39
1315,5,8,2216.97
1316,32,5,2152.8799999999997
1317,10,9,7024.709999999999
1318,7,7,3500.74
1319,16,5,1579.83
1320,94,6,1835.1799999999998
1321,103,7,2398.25
1322,63,4,4008.84
1323,53,7,1695.3799999999999
1324,74,7,2443.2599999999998
1325,82,1,104.24000000000001
1326,10,6,3581.0000000000005
1327,6,5,2848.5
1328,0,7,5351.58
1329,4,11,8352.16
1330,75,6,5101.12
1331,5,10,6252.43
1332,31,8,5075.610000000001
1333,7,3,1924.18
1334,240,2,719.98
1335,52,7,3332.6499999999996
1336,78,6,3595.9100000000003
1337,83,6,3417.42
1338,231,2,234.35999999999996
1339,102,5,4713.22
1340,28,8,2120.42
1341,10,4,1213.75
1342,3,5,3822.2000000000003
1343,20,4,1317.1599999999999
1344,21,3,628.5699999999999
1345,43,6,5170.950000000001
1346,15,9,6736.529999999999
1347,91,6,3745.36
1348,114,5,5915.860000000001
1349,43,6,1905.1599999999999
1350,116,2,1235.26
1351,17,6,4638.66
1352,88,3,1151.6
1353,14,9,3363.8699999999994
1354,74,3,2464.54
1355,8,5,2713.7200000000003
1356,22,6,3853.42
1357,12,10,5689.859999999999
1358,3,8,4113.04
1359,12,2,1550.8200000000002
1360,181,3,1906.1499999999996
1361,28,7,2731.9199999999996
1362,118,2,1736.45
1363,24,7,2744.3399999999997
1364,64,5,2329.32
1365,217,4,818.72
1366,54,5,1614.09
1367,11,7,2760.2800000000007
1368,48,6,3581.3399999999997
1369,178,4,2503.4700000000003
1370,26,4,839.2700000000002
1371,26,4,1270.94
1372,66,6,2935.68
1374,39,8,5196.33
1375,82,5,1849.9100000000003
1376,89,6,4576.53
1377,75,5,2814.0800000000004
1378,12,6,4881.549999999999
1379,28,5,4337.3099999999995
1380,198,3,2550.9400000000005
1381,113,5,4177.610000000001
1382,122,2,1946.8899999999999
1383,57,4,3372.97
1384,36,6,3307.48
1385,142,5,2624.5699999999997
1386,106,3,2724.7200000000003
1387,215,1,641.64
1388,19,6,3792.1200000000003
1389,49,9,6263.12
1390,1,9,3474.54
1391,63,3,2283.83
1392,107,3,3196.2699999999995
1393,1,3,798.9000000000001
1394,171,4,1796.62
1395,87,3,1471.7700000000002
1396,9,10,7075.58
1397,137,6,4563.950000000001
1398,36,7,5649.83
1399,16,4,2234.62
1400,56,7,4939.110000000001
1401,81,4,2405.42
1402,40,8,3067.5799999999995
1403,164,2,685.4300000000001
1404,7,10,5426.700000000001
1405,33,11,2281.99
1406,28,6,2396.7
1407,0,9,3796.53
1408,10,3,2731.09
1409,22,5,2637.41
1410,60,7,5597.11
1411,35,6,4268.320000000001
1412,121,4,2223.44
1413,3,6,3277.8599999999997
1414,18,2,630.21
1415,57,4,3062.5200000000004
1416,67,5,1266.06
1417,56,7,3873.42
1418,86,7,2721.1400000000003
1419,22,5,972.7900000000002
1420,38,5,2121.6400000000003
1421,57,6,2529.62
1422,38,8,1796.6499999999999
1423,24,6,3233.09
1424,76,3,1475.88
1425,0,4,3144.9999999999995
1426,48,7,3867.34
1427,59,6,3684.7
1428,15,10,5508.799999999999
1429,31,7,861.6199999999999
1430,108,6,1917.0099999999998
1431,19,4,955.44
1432,33,6,3727.0600000000004
1433,131,3,1908.57
1434,124,2,1127.95
1435,33,7,5393.83
1436,72,5,3404.3699999999994
1437,143,3,2636.2000000000003
1438,6,11,6559.709999999999
1439,65,4,2597.4300000000003
1440,19,6,6362.469999999999
1441,158,2,562.46
1442,53,3,911.28
1443,44,10,5004.26
1444,38,5,1281.31
1445,6,6,3423.12
1446,10,7,4495.520000000001
1447,97,7,4553.860000000001
1448,237,1,128.45999999999992
1449,14,6,4565.33
1450,42,7,2959.59
1451,31,7,5017.33
1452,2,5,3431.62
1453,0,5,3265.75
1454,5,5,2240.5
1455,32,5,2349.98
1456,8,4,874.93
1457,65,7,2330.29
1458,198,3,3273.3300000000004
1459,98,4,4557.6
1460,12,8,10787.599999999999
1461,18,7,5805.92
1462,81,6,2331.5199999999995
1463,110,5,2171.73
1464,106,7,2169.36
1465,107,4,1429.5
1466,33,3,978.4200000000001
1467,13,7,1825.83
1468,24,7,3564.99
1469,74,6,2251.3599999999997
1470,1,8,3961.4
1471,5,5,4685.84
1472,69,7,5011.4
1473,32,11,6176.300000000001
1474,66,5,1676.1500000000003
1475,46,8,7812.17
1476,24,2,930.46
1477,19,9,5007.9400000000005
1478,1,8,3669.9
1479,15,6,2530.6
1480,2,9,2258.7
1481,20,9,2551.05
1482,68,12,9269.16
1483,29,8,4273.540000000001
1484,14,5,1455.39
1485,4,2,526.7900000000001
1486,32,5,3681.51
1487,17,2,400.47
1488,40,2,133.38
1489,82,5,566.5499999999997
1490,68,4,2182.9800000000005
1491,160,3,1591.3300000000002
1492,5,8,4645.839999999998
1493,20,10,6117.049999999999
1494,18,10,5221.259999999999
1495,3,2,575.1500000000001
1496,53,5,3181.16
1497,182,6,3022.9900000000002
1498,40,4,1583.19
1499,125,5,2193.8599999999997
1500,5,5,3488.45
1501,53,5,1636.3700000000003
1502,26,9,6209.679999999999
1503,34,10,7693.78
1504,5,5,713.22
1505,18,5,4263.17
1506,0,10,6435.1
1507,16,4,3468.4700000000003
1508,61,5,3479.0099999999998
1509,44,3,1862.9499999999998
1510,56,2,2238.37
1511,16,8,3037.58
1512,56,4,2817.5699999999997
1513,120,6,2071.14
1514,67,7,3553.8300000000004
1515,8,7,2314.6
1516,37,5,4256.320000000001
1517,28,11,5878.15
1518,31,5,2749.4
1519,8,11,3819.53
1520,167,4,1542
1521,95,2,824.2700000000002
1522,9,6,2962.7599999999998
1523,41,3,2105.0899999999997
1524,37,8,2724.52
1525,24,3,1909.17
1526,80,6,3446.83
1527,41,8,3855.9300000000003
1528,75,7,5083.41
1529,104,1,199.0999999999999
1530,1,10,7390.75
1531,42,7,3839.18
1532,3,6,2827.6600000000003
1533,104,8,3968.52
1534,46,7,3244.32
1535,104,5,2811.9700000000003
1536,33,4,2018.04
1537,26,9,5101.549999999999
1538,1,4,222.77999999999994
1539,65,8,3479.18
1540,5,6,3641.91
1541,70,5,3324.89
1542,133,5,1825.3200000000004
1543,74,3,1359.4600000000003
1544,329,1,903.11
1545,2,7,2637.4700000000003
1546,69,7,2501.8700000000003
1547,27,9,6523.19
1548,37,3,1434.0099999999998
1549,3,7,2924.4800000000005
1550,42,6,3172.63
1551,22,7,5171.889999999999
1552,99,5,5400.320000000001
1553,84,4,2002.85
1554,20,7,5636.08
1555,133,7,3107.3599999999997
1556,84,5,3519.2200000000003
1557,75,7,4795.51
1558,8,9,10640.3
1559,56,8,8624.720000000001
1560,202,3,486.6099999999999
1561,43,8,6918.89
1562,100,3,2606.7000000000003
1563,129,4,2877.8900000000003
1564,13,3,493.17
1565,9,2,1182.38
1566,86,4,1597.2600000000002
1567,24,7,4071.8199999999997
1568,139,5,3870.48
1569,53,1,1103.43
1570,33,9,5321.300000000001
1571,3,4,4968.780000000001
1572,82,6,7651.019999999999
1573,64,4,2236.76
1574,73,10,3220.9
1575,86,4,1050.28
1576,37,8,4521.35
1577,12,7,3677.0000000000005
1578,16,7,6165.1
1579,40,10,8102.619999999999
1580,55,8,3224.9999999999995
1581,36,8,2944.0899999999997
1582,55,5,1914.1999999999998
1583,112,4,3221.08
1584,2,2,1323.66
1585,37,8,3461.6500000000005
1586,16,6,4154.0199999999995
1587,77,5,635.72
1588,32,7,3628.2600000000007
1589,11,6,6738.66
1590,86,3,2248.0399999999995
1591,29,12,5968.909999999999
1592,100,4,3348.2499999999995
1593,53,6,3818.36
1594,0,6,4320.299999999999
1595,77,7,4891.75
1596,135,5,2953.23
1597,25,12,9739.460000000001
1598,170,5,2317.99
1599,19,11,4855.5
1600,13,9,2924.4300000000003
1601,19,4,2317.27
1602,7,5,4026.12
1603,23,4,1488.1699999999998
1604,99,3,1225.77
1605,181,3,1721.0499999999997
1606,42,5,2602.85
1607,1,5,1681.02
1608,12,3,1206.35
1609,61,5,4041.6000000000004
1610,8,5,3556.15
1611,41,12,5450.34
1612,67,2,2932.8199999999997
1613,41,8,3512.03
1614,50,7,2397.3900000000003
1615,55,6,5353.57
1616,23,7,6150.25
1617,5,5,2977.1900000000005
1618,28,2,643.43
1619,84,10,7031.790000000001
1620,216,2,1149.25
1621,82,5,1162.2399999999998
1622,47,3,1506.34
1623,2,6,3362.550000000001
1624,3,6,1627.22
1625,9,8,8499.589999999998
1626,255,2,1326.1499999999999
1627,24,8,4834.08
1628,133,2,2659.5699999999997
1629,1,7,6051.87
1630,23,3,1915.23
1631,131,5,3048.12
1632,281,2,853.1600000000001
1633,17,3,2548.92
1634,29,4,1537.0599999999997
1635,139,4,1319.52
1636,40,5,3274.29
1637,143,8,4115.36
1638,11,4,4046.88
1639,30,6,4428.509999999999
1640,62,7,1871.87
1641,63,9,4326.200000000001
1642,84,5,2307.49
1643,38,8,4244.320000000001
1644,22,7,4938.150000000001
1645,90,7,1411.6999999999998
1646,26,7,4487.52
1647,178,7,3267.5
1648,13,4,2124.93
1649,71,3,3089.37
1650,10,5,1860.19
1651,97,5,694.3800000000001
1652,96,6,2662.3900000000003
1653,33,5,2843.51
1654,84,4,1179.6100000000004
1655,16,3,1337.55
1656,84,7,2455.5699999999997
1657,61,6,2779.96
1658,280,4,1469.9599999999996
1659,80,7,3461.08
1660,76,6,2624.3599999999997
1661,218,6,5880.33
1662,62,5,1718.1200000000003
1663,13,6,2991.5200000000004
1664,42,7,3476.3600000000006
1665,68,8,3302.05
1666,78,4,1518.85
1667,76,7,5432.4
1668,4,6,2901.9700000000003
1669,59,6,3361.1000000000004
1670,60,9,5073.96
1671,43,4,1221.85
1672,42,13,6123.290000000001
1673,133,3,748.69
1674,48,5,160.73000000000002
1675,101,4,3067.0600000000004
1676,87,5,4291.110000000001
1677,98,8,2781.5599999999995
1678,68,9,4732.32
1679,136,4,3026.5699999999997
1680,112,3,1931.5
1681,18,5,2930.55
1682,82,6,5354.43
1683,82,9,5995.200000000002
1684,16,6,1507.2999999999997
1685,25,2,677.1800000000001
1686,78,10,5672.85
1687,10,4,2185.27
1688,23,8,2511.75
1689,136,5,3334.229999999999
1690,16,9,2570.5400000000004
1691,2,8,3832.92
1692,127,5,1363.77
1693,75,7,4956.61
1694,19,7,4611.389999999999
1695,37,5,3646.2999999999997
1696,28,9,6524.77
1697,24,5,3042.4800000000005
1698,32,8,4965.679999999999
1699,81,8,3652.8800000000006
1700,44,7,1501.35
1701,5,5,1420.68
1702,14,7,2185.44
1703,3,4,761.47
1704,119,2,1678.3900000000003
1705,15,4,2109.79
1706,2,8,4666.640000000001
1707,17,9,3463.54
1708,258,4,2225.03
1709,4,5,2058.9999999999995
1710,80,4,1638.52
1711,41,7,2769.45
1712,286,2,781.41
1713,6,7,3889.1800000000003
1714,38,6,3372.1299999999997
1715,102,3,629.29
1716,134,2,1444.78
1717,46,4,1951.0700000000002
1718,24,5,1539.1100000000001
1719,19,5,2228.2999999999997
1720,23,5,3538.05
1721,0,7,3766.3500000000004
1722,4,9,8086.75
1723,17,5,2965.28
1724,103,4,958.5800000000002
1725,60,8,5652.16
1726,9,8,5084.42
1727,71,7,3036.05
1728,45,7,3684.4900000000002
1729,58,7,3005.3299999999995
1730,20,3,418.0400000000001
1731,43,11,3521.2900000000004
1732,97,5,2263.3900000000003
1733,53,5,3170.4799999999996
1734,25,2,923
1735,65,5,2560.9300000000003
1736,54,6,3759.2799999999997
1737,45,3,3531.0899999999997
1738,21,5,1841.0699999999997
1739,37,4,2395.71
1740,6,8,3770.36
1741,64,4,2725.13
1742,59,6,1942.36
1743,86,7,4448.070000000001
1744,109,3,539.2499999999999
1745,5,12,3164.4700000000003
1746,105,6,3706.41
1747,190,4,995.38
1748,2,10,4973.950000000001
1749,81,3,1820.71
1750,55,6,5227.9800000000005
1751,12,4,1714.84
1752,28,7,3240.2
1753,27,4,2093.21
1754,142,5,3519.51
1755,48,6,3451.34
1756,62,3,2046.4
1757,229,1,827.1599999999999
1758,2,7,1764.8500000000001
1759,18,6,2828.1699999999996
1760,12,7,3666.9399999999996
1761,18,5,3258.95
1762,21,12,5870.93
1763,9,7,3434.3799999999997
1764,2,4,1154.0600000000002
1765,46,6,4439.48
1766,178,5,1829.2500000000002
1767,4,5,3152.29
1768,92,2,1821.0700000000002
1769,36,6,2744.36
1770,13,7,4366.039999999999
1771,39,6,2670.1499999999996
1772,168,4,1648.0499999999997
1773,8,11,5397.56
1774,97,4,1168.7799999999997
1775,52,6,3695.6399999999994
1776,34,7,3510.7400000000002
1777,70,7,2651.76
1778,312,2,2040.87
1779,129,6,5042
1780,38,4,1641.05
1781,9,4,1589.8599999999997
1782,81,6,3622.1
1783,49,12,6331.35
1784,71,4,1239.2799999999997
1785,34,6,2827.73
1786,174,2,963.6199999999999
1787,0,6,4865.49
1788,29,9,4979.390000000001
1789,60,3,2066.6600000000003
1790,32,5,2258.68
1791,117,6,2595.16
1792,6,10,5020.670000000001
1793,60,6,4960.36
1794,1,5,1788.9300000000003
1795,3,6,2882.84
1796,122,2,221.12
1797,54,11,6539.78
1798,13,7,2934.76
1799,52,4,2073.85
1800,171,4,3242.61
1801,65,8,4098.589999999999
1802,13,8,5035.8
1803,115,7,3130.6400000000003
1804,31,3,2156.17
1805,90,4,634.65
1806,37,8,4810.500000000001
1807,60,6,2514.96
1808,76,7,7965.280000000001
1809,27,6,3918.15
1810,6,2,168.45
1811,32,8,6493.800000000001
1812,22,10,4084.2799999999997
1813,18,6,2137.45
1814,51,6,2459.73
1815,11,5,1964.0800000000002
1816,80,5,3352.53
1817,31,11,4244.1
1818,24,7,4516.55
1819,252,2,763.9000000000001
1820,35,9,4883.789999999999
1821,24,12,7335.89
1822,2,5,848.7399999999999
1823,161,6,2266.6599999999994
1824,12,7,3263.7000000000007
1825,40,6,4977.77
1826,40,7,3405.78
1827,38,5,3619.13
1828,150,3,757.2499999999999
1829,3,3,1805.9199999999998
1830,13,8,4578.9
1831,165,8,2147.3
1832,84,8,5739.57
1833,10,5,2441.37
1834,126,4,4434.93
1835,25,6,1039.0299999999997
1836,166,2,1219.8600000000001
1837,35,7,4515.25
1838,49,5,4691.450000000001
1839,49,7,2784
1840,98,7,2259.16
1841,36,4,1677.08
1842,211,5,3055.8500000000004
1843,112,4,2132.3
1844,41,7,4085.4800000000005
1845,21,7,4572.889999999999
1846,333,1,356.5
1847,32,3,1919.8300000000002
1848,42,6,4456.95
1849,136,6,4077.26
1850,44,7,5159.719999999999
1851,285,2,881.1499999999999
1852,97,5,4641.27
1853,26,9,5184.76
1854,0,3,2135.67
1855,22,4,2257.81
1856,127,2,253.81000000000003
1857,87,5,3429.5099999999998
1858,21,8,5387.470000000001
1859,76,5,2355.5899999999997
1860,11,6,4503.35
1861,29,6,3793.8100000000004
1862,74,7,3020.1000000000004
1863,24,6,6524.340000000001
1864,24,11,3081.0699999999997
1865,99,1,690.49
1866,38,9,8834.599999999999
1867,2,8,3914.7
1868,26,6,7566.25
1869,41,4,1623.4299999999998
1870,38,7,4382.200000000001
1871,94,4,2220.26
1872,3,6,2620.74
1873,8,4,2807.58
1874,99,5,2146.69
1875,98,6,3921.26
1876,138,5,4057.6299999999997
1877,80,6,1507.8199999999997
1878,32,6,2755.93
1879,47,7,1914.39
1880,67,5,4685.53
1881,35,7,5018.98
1882,128,6,4054.85
1883,42,3,1910.89
1884,24,7,3349.9900000000002
1885,4,9,6979.280000000001
1886,6,4,2434.76
1887,43,11,9695.59
1888,87,4,3288.0400000000004
1889,135,5,3710.54
1890,44,9,6710.759999999999
1891,81,7,4045.2000000000007
1892,107,6,804.8199999999998
1893,2,7,3637.17
1894,36,4,1907.65
1895,7,6,541.1299999999999
1896,159,3,2411.66
1897,62,7,2502.37
1898,55,7,4787.35
1899,76,5,2030.54
1900,67,4,1017.24
1901,127,7,5809.110000000001
1902,21,6,2134.1
1903,16,4,4098.860000000001
1904,67,3,1604.73
1905,10,9,4833.73
1906,1,6,2957.8500000000004
1907,110,4,1014.0699999999997
1908,107,6,3725.5699999999997
1909,59,6,3456.8
1910,17,3,907.45
1911,61,2,689.11
1912,38,9,3286.0100000000007
1913,42,13,3254.53
1914,12,8,2248.17
1915,61,5,2568.0499999999993
1916,53,7,4545.8
1917,28,7,5107.25
1918,1,5,3092.75
1919,44,4,1841.25
1920,66,2,90.09999999999997
1921,40,1,64.50999999999999
1922,93,3,1580.86
1923,15,4,3078.6200000000003
1924,25,3,1761.68
1925,5,7,2584.5600000000004
1926,5,5,4911.09
1927,90,5,3658.13
1928,34,2,879.4799999999999
1929,45,6,1912.3600000000001
1930,21,5,2428.87
1931,23,3,384.06999999999994
1932,89,8,4328.469999999999
1933,41,9,4404.77
1934,3,6,2439.9400000000005
1935,57,6,3568.73
1936,77,8,3553.74
1937,34,7,4712.240000000001
1938,229,4,3014.0000000000005
1939,76,2,201.54999999999998
1940,76,4,3259.41
1941,5,4,3130.19
1942,16,8,4675.1900000000005
1943,299,3,357.7899999999998
1944,5,6,1345.75
1945,115,3,710.0699999999998
1946,88,13,4063.82
1947,35,9,3974.81
1948,168,5,2425.34
1949,29,7,3586.71
1950,6,9,3817.1399999999994
1951,118,8,4514.84
1952,76,10,2882.8
1953,10,7,3899.7800000000007
1954,100,9,5105.490000000001
1955,78,3,1215.9199999999998
1956,33,4,1267.19
1957,19,11,5079.91
1958,69,4,1090.7099999999998
1959,141,8,3479.22
1960,69,4,2690.0600000000004
1961,25,3,3361.67
1962,93,2,758.6899999999999
1963,9,2,1828.47
1964,102,6,4239.32
1965,6,5,2093.67
1966,161,6,1564.56
1967,22,6,5732.110000000001
1968,159,5,1810.0299999999997
1969,17,6,2623.56
1970,0,8,3660.4800000000005
1971,62,7,4812.99
1972,0,5,2792.56
1973,47,4,3371.6900000000005
1974,32,5,1601.3300000000004
1975,108,2,79.15999999999994
1976,135,6,1731.6299999999997
1977,60,4,2080.2499999999995
1978,13,3,231.7099999999999
1979,33,5,4541.839999999999
1980,73,8,4822.39
1981,89,3,2291.9700000000003
1982,50,8,3939.17
1983,2,4,3061.7999999999997
1984,48,7,7256.08
1985,0,7,2665.3
1986,44,6,2436.6899999999996
1987,42,4,1781.3600000000004
1988,134,8,6006.4
1989,22,4,1659.6399999999999
1990,9,9,2904.13
1991,1,10,8256.079999999998
1992,140,10,6658.889999999999
1993,6,9,2849.22
1994,2,6,3922.29
1995,125,6,2094.59
1996,13,7,2525.4300000000003
1997,54,5,2854.97
1998,156,4,2715.83
1999,3,7,2424.34
2000,44,3,999
2001,86,8,5347.870000000001
2002,97,3,1637.4600000000003
2003,219,2,214.36999999999995
2004,46,5,2909.67
2005,5,6,4047.83
2006,147,5,2255.61
2007,23,4,4601.8099999999995
2008,29,7,2365.36
2009,5,7,2357.35
2010,34,5,2168.7999999999997
2011,315,3,560.4800000000001
2012,13,5,2714.3
2013,15,10,6025.31
2014,54,7,4281.32
2015,50,7,2970.6000000000004
2016,68,6,2390.8900000000003
2017,12,6,4721.62
2018,35,7,2335.54
2019,52,9,6325.839999999999
2020,43,7,4959.639999999999
2021,125,2,90.22
2022,13,5,3955.170000000001
2023,13,10,5132.78
2024,29,6,3558.41
2025,138,4,2183.55
2026,146,4,3447.44
2027,14,7,3237.2500000000005
2028,40,7,3648.33
2029,1,9,4156.310000000001
2030,239,4,4622.34
2031,19,4,1998.35
2032,5,2,978.76
2033,11,7,4458.72
2034,52,8,2438.2599999999998
2035,127,4,1520.86
2036,25,12,6770.240000000002
2037,98,4,2941.0699999999997
2038,13,4,3207.1700000000005
2039,199,5,2422.4600000000005
2040,96,2,1364.0500000000002
2041,80,6,3799.8600000000006
2042,11,3,2006.1800000000003
2043,139,5,3472.24
2044,5,5,3977.45
2045,55,9,5224.6900000000005
2046,33,9,9188.769999999999
2047,67,2,1952.51
2048,57,7,5517.21
2049,65,6,4162.97
2050,6,4,2099.4
2051,51,6,6140.66
2052,58,9,3009.8900000000003
2053,5,6,4941.179999999999
2054,1,4,3000.7
2055,0,9,5563.630000000001
2056,54,2,1028.46
2057,16,6,5006.9800000000005
2058,120,7,3634.9799999999996
2059,170,4,1500.24
2060,5,11,5875.139999999999
2061,132,6,3867.74
2062,42,5,3465.41
2063,9,5,1823
2064,106,5,3327.0400000000004
2065,215,4,2071.89
2066,90,5,2259.290000000001
2067,30,8,3743.8
2068,159,5,3933.88
2069,51,6,5879.97
2070,4,9,6433.749999999998
2071,20,7,3588.04
2072,8,13,4136.839999999999
2073,18,8,2487.67
2075,4,4,2302.5400000000004
2076,19,8,5576.17
2077,227,3,2429.72
2078,65,6,2175.54
2079,3,3,2692.83
2080,162,6,3454.88
2081,11,5,2531.96
2082,1,7,2903.17
2083,15,9,4106.38
2084,49,3,494.60999999999996
2085,27,3,2196.3500000000004
2086,98,3,949.5799999999999
2087,55,5,1624.1100000000001
2088,9,7,3125.44
2089,147,2,119.32000000000002
2090,163,2,289.37
2091,211,3,2764.6099999999997
2092,16,5,3651.03
2093,60,6,3660.4800000000005
2094,34,5,1368.37
2095,20,10,6194.3
2096,132,5,4320.42
2097,38,6,4647.42
2098,8,6,2293.67
2099,63,7,4576.76
2100,18,5,2399.5600000000004
2101,20,10,7332.6900000000005
2102,17,7,3934.99
2103,14,10,6752.629999999999
2104,80,8,2341.58
2105,23,5,5155.91
2106,3,4,3249.41
2107,64,2,892.5
2108,12,3,2077.2999999999997
2109,2,8,5263.129999999999
2110,26,7,2990.36
2111,6,9,4790.820000000001
2112,2,4,3696.4300000000003
2113,33,4,2989.6400000000003
2114,14,6,2997.560000000001
2115,47,2,1168.94
2116,105,4,4128.629999999999
2117,24,5,2724.75
2118,135,6,2385.0699999999997
2119,67,4,2795.3199999999997
2120,2,8,4543.18
2121,89,10,4204.299999999999
2122,8,4,1303.18
2123,195,6,2289.21
2124,57,6,3900.3199999999997
2125,13,6,1710.2800000000002
2126,25,4,594.06
2127,32,5,1884.6200000000001
2128,13,2,1596.3
2129,149,2,873.1199999999999
2130,1,8,4253.7699999999995
2131,101,6,1160.21
2132,18,8,6401.83
2133,120,5,3126.8399999999997
2134,81,5,3923.5700000000006
2135,137,2,217.51
2136,10,4,3917.4700000000003
2137,20,4,1433.8
2138,29,8,5474.02
2139,60,5,5380.68
2140,98,8,4700.15
2141,76,4,2611.75
2142,81,7,5258.120000000002
2143,27,5,2067.15
2144,67,8,5253.88
2145,194,1,299.27
2146,50,2,1264.62
2147,125,3,1419.5
2148,137,4,2346.16
2149,11,9,5077.100000000001
2150,94,6,2230.22
2151,146,7,7187.340000000001
2152,1,9,4281.080000000001
2153,76,8,4042.69
2154,38,6,4268.17
2155,19,12,4940.239999999999
2156,113,6,2495.4300000000003
2157,161,2,338.85
2158,50,5,1650.61
2159,18,5,1797.6999999999996
2160,47,6,2672.7700000000004
2161,52,5,2584.9500000000003
2162,53,4,1779.26
2163,70,5,1721.8200000000002
2164,68,7,3328.51
2165,0,10,6052.93
2166,58,6,3071.34
2167,144,6,1539.6000000000001
2168,2,3,1863.53
2169,117,6,5907.85
2170,28,6,4828.54
2171,34,6,1251.33
2172,29,4,5407.15
2173,157,4,2250.33
2174,81,6,3051.9300000000003
2175,58,4,3173.95
2176,28,3,2088.0899999999997
2177,98,5,2762.18
2178,77,4,451.6000000000001
2179,36,7,3631.27
2180,80,5,3527.7800000000007
2181,51,8,1765.3200000000002
2182,17,8,4766.820000000001
2183,8,14,6513.299999999999
2184,37,11,7123
2185,136,7,5144.359999999999
2186,154,3,1956.3899999999999
2187,63,7,5644.17
2188,70,6,4735.32
2189,40,10,4914.08
2190,41,8,6260.31
2191,12,5,3823.7700000000004
2192,42,6,1679.5299999999997
2193,54,4,2957.42
2194,42,8,6198.410000000001
2195,2,6,4144.05
2196,71,5,985.4700000000004
2197,119,3,378.15000000000015
2198,25,4,2745.09
2199,24,4,2644.0299999999997
2200,79,3,1588.1799999999998
2201,30,8,6291.68
2202,58,10,5090.610000000001
2203,49,5,3469.0499999999997
2204,17,8,3346.58
2205,100,4,1781.9099999999999
2206,58,4,1464.6599999999999
2207,74,6,3604.1400000000003
2208,114,6,2177.68
2209,265,1,445.2099999999999
2210,27,9,4888.710000000001
2211,111,3,753.2599999999999
2212,41,6,2722.7200000000003
2213,15,5,4212.469999999999
2214,27,5,2328.51
2215,19,2,327.23
2216,74,3,1644.6100000000001
2217,22,8,3905.42
2218,21,3,2743.5600000000004
2219,61,5,3493.0200000000004
2220,85,4,2129.07
2221,94,8,4651.26
2222,59,6,3821.2699999999995
2223,54,7,3538.4199999999996
2224,287,3,1041.0100000000002
2225,208,3,3512.1000000000004
2226,49,8,3121.7000000000003
2227,40,5,2168.4
2228,168,4,1425.2700000000002
2229,21,4,2114.24
2230,44,8,3263.4
2231,64,3,2685.1000000000004
2232,59,6,2198.5600000000004
2233,63,7,2332.59
2234,57,7,1719.1599999999996
2235,80,6,3649.92
2236,1,3,2123.71
2237,38,7,2501.42
2238,141,3,2411.83
2239,32,2,736.73
2240,31,12,6128.3
2241,17,4,1454.3900000000003
2242,170,3,898.8199999999998
2243,183,3,1115.15
2244,63,5,1796
2245,74,7,3320.7799999999997
2246,99,4,2217.49
2247,29,7,4957.299999999999
2248,51,8,3914.4999999999995
2249,112,5,2057.46
2250,124,3,1074.88
2251,15,7,2338.45
2252,130,5,1866.8400000000001
2253,84,6,1783.37
2254,3,6,2318.8900000000003
2255,143,3,1458.6999999999998
2256,169,3,1461
2257,64,5,4193.32
2258,52,7,3957.53
2259,161,4,2600.4900000000002
2260,17,6,5378.6
2261,35,4,1465.1599999999999
2262,75,4,1502.68
2263,35,5,3371.48
2264,153,6,2557.62
2265,95,3,1988.7599999999998
2266,29,10,4169.83
2267,99,5,1799.8999999999999
2268,35,8,4473.319999999999
2269,47,7,5404.64
2270,129,5,5154.68
2271,177,1,1305.25
2272,104,6,3344.13
2273,26,10,2795.34
2274,55,2,35.739999999999995
2275,121,6,5688.289999999999
2276,10,4,2304.77
2277,36,4,2713.7200000000003
2278,34,5,279.77999999999986
2279,35,8,4008.76
2280,24,5,1702.53
2281,38,7,4075.38
2282,14,6,3131.5100000000007
2283,30,7,4474.630000000001
2284,34,7,4735.67
2285,39,7,1796.2899999999997
2286,49,5,2878.7300000000005
2287,159,2,273.70000000000005
2288,29,6,4438.47
2289,59,5,3855
2290,72,6,5235.790000000001
2291,107,1,198.22000000000003
2292,45,7,4768.85
2293,85,5,1410.5300000000004
2294,73,7,5050.26
2295,17,4,3690.2599999999998
2296,36,4,3592.5000000000005
2297,37,5,4274.880000000001
2298,45,6,3140.0099999999998
2299,59,6,3142.75
2300,17,4,2812.1099999999997
2301,5,7,6010.17
2302,53,3,2611.15
2303,144,2,969.6199999999999
2304,3,7,4121.780000000001
2305,78,5,3135.3399999999997
2306,6,4,2513.7799999999997
2307,81,11,3887.07
2308,13,9,5077.969999999999
2309,53,12,7161.989999999998
2310,15,7,4022.4100000000008
2311,66,5,4460.120000000001
2312,28,5,3280.6100000000006
2313,44,6,2842.4700000000003
2314,48,3,2355.7599999999998
2315,152,5,600.7599999999998
2316,46,4,1437.54
2317,53,5,2715.29
2318,16,7,3627.4800000000005
2319,9,4,4564.900000000001
2320,24,3,1690.96
2321,161,3,3183.5299999999997
2322,67,4,2585.1499999999996
2323,212,3,1959.79
2324,78,5,1322.2199999999998
2325,12,6,3013.77
2326,112,1,309.80999999999995
2327,224,3,2601.79
2328,151,1,356.5
2329,8,5,2276.8999999999996
2330,4,3,1203.34
2331,19,7,3707.24
2332,31,4,651.6399999999999
2333,92,4,2113.9
2334,69,3,1315.7600000000002
2335,11,7,4112.98
2336,74,9,5853.82
2337,172,3,398.42999999999995
2338,23,7,3574.3100000000004
2339,11,9,4669.9
2340,5,9,4585.4000000000015
2341,13,8,4952.23
2342,65,4,2092.72
2343,62,3,3275.66
2344,47,6,2605.09
2345,0,5,4719.950000000001
2346,162,5,3315.3199999999997
2347,87,9,5640.43
2348,60,4,831.6700000000001
2349,54,5,2500.26
2350,180,6,1292.23
2351,55,8,5612.839999999999
2352,36,1,1279.3999999999999
2353,81,10,4842.52
2354,36,5,3458.1500000000005
2355,70,5,4351.82
2356,146,4,2674.92
2357,40,4,2741.81
2358,3,11,3682.73
2359,82,8,2688.57
2360,27,6,4962.2
2361,22,7,4178.450000000001
2362,45,3,959.32
2363,58,6,3222.99
2364,43,5,4826.5
2365,1,5,2411.63
2366,19,5,2554.42
2367,25,7,4636.8
2368,74,6,4675.969999999999
2369,1,8,6854.59
2370,20,3,1902.53
2371,93,5,2642.95
2372,0,9,3031.18
2373,45,4,2381.7400000000002
2374,14,7,5300.04
2375,43,7,5641.470000000001
2376,11,4,2137.9399999999996
2377,7,5,4707.549999999999
2378,10,5,2777.48
2379,3,11,8252.73
2380,42,7,5231.290000000001
2381,29,7,2731.880000000001
2382,38,7,1301.43
2383,21,9,5876.07
2384,59,6,3796.7000000000003
2385,31,8,4797.129999999999
2386,12,7,5453.859999999999
2387,182,2,147.82999999999996
2388,113,7,5387.65
2389,8,3,1030.19
2390,69,7,5593.599999999999
2391,12,10,5862.450000000001
2392,26,5,1547.88
2393,122,2,192.9699999999999
2394,90,1,745.94
2395,62,1,57.72999999999999
2396,0,5,2700.55
2397,53,9,4002.32
2398,113,3,746.1999999999999
2399,38,6,2724.9300000000003
2400,19,8,5205.75
2401,21,8,5804.280000000002
2402,78,3,788.2799999999999
2403,150,5,965.8499999999999
2404,2,6,2978.25
2405,45,6,1853.8600000000001
2406,80,4,1341.22
2407,68,6,1792.3899999999999
2408,24,3,2824.16
2409,49,7,3077.56
2410,36,7,3695.73
2411,223,4,3483.3900000000003
2412,17,6,3903.5699999999997
2413,58,7,4523.23
2414,4,4,2209.13
2415,43,5,1844.8799999999997
2416,222,2,300.0899999999999
2417,22,1,451.6500000000001
2418,2,7,5457.09
2419,51,8,2702.5
2420,139,3,1749.57
2421,0,6,409.80000000000007
2422,32,5,2606.6
2423,59,1,50.66
2424,67,7,2446.2000000000003
2425,8,9,3921.8199999999997
2426,16,5,3721.5000000000005
2427,3,6,4388.13
2428,10,9,6462.950000000001
2429,222,3,2883.65
2430,115,4,2664.71
2431,218,2,167.62999999999997
2432,32,7,2253.09
2433,26,10,5108.66
2434,0,9,6874.530000000001
2435,123,5,2656.6699999999996
2436,16,4,1700.17
2437,198,2,375.02
2438,27,7,3058.73
2439,18,6,2615.46
2440,53,4,1131.8
2441,28,2,443.53
2442,80,6,2619.54
2443,12,6,3040.0600000000004
2444,44,4,3270.2200000000003
2445,17,5,2205.8
2446,71,7,5417.469999999999
2447,39,7,3068.18
2448,6,6,2580.5900000000006
2449,76,6,4455.63
2450,40,2,2365.9300000000003
2451,17,3,1602.8200000000002
2452,9,4,1147.86
2453,56,6,2587.7999999999997
2454,29,11,6272.209999999999
2455,75,8,4737.68
2456,167,6,2439.3500000000004
2457,52,6,2757.2299999999996
2458,4,7,7756.789999999998
2459,53,11,4737.299999999999
2460,50,4,1204.26
2461,31,6,2067.47
2462,24,6,3506.54
2463,64,8,5972.620000000001
2464,2,13,7817.099999999999
2465,11,10,4384.09
2466,19,5,1576.8200000000002
2467,21,5,1961.7900000000002
2468,21,10,6900.79
2469,20,7,5796.209999999999
2470,12,4,2823.58
2471,13,5,2490.66
2472,85,6,4181
2473,113,5,2600.73
2474,31,8,4958.1
2475,85,7,6245.25
2476,14,14,7493.230000000001
2477,40,1,802.26
2478,114,7,2307.2500000000005
2479,2,7,1732.26
2480,42,5,3382.4
2481,20,7,3836.2400000000002
2482,232,3,1400.8299999999997
2483,69,5,969.6500000000001
2484,24,6,2157.24
2485,4,6,1698.99
2486,229,2,1185.85
2487,98,4,2180.75
2488,18,6,2774.48
2489,40,8,6854.85
2490,38,5,1663.67
2491,105,6,2136.18
2492,7,10,8437.43
2493,54,3,2303
2494,95,7,3632.2900000000004
2495,31,8,2232.7799999999997
2496,196,5,707.5600000000002
2497,46,4,2981.3900000000003
2498,7,8,3423.2000000000003
2499,175,3,2160.75
2500,23,3,766.4200000000001
2501,18,7,1813.87
2502,14,5,2014.63
2503,108,4,2609.5099999999998
2504,93,5,3270.9399999999996
2505,12,9,3340.35
2506,106,4,3636.97
2507,47,4,3467.88
2508,56,10,6568.91
2509,25,8,3812.5299999999997
2510,111,6,5681.299999999999
2511,32,4,2152.6899999999996
2512,111,6,1594.3400000000001
2513,106,7,3831.1600000000003
2514,46,3,1853.3
2515,24,3,2628.42
2516,83,3,825.25
2517,145,4,3021.3300000000004
2518,70,5,4636.719999999999
2519,108,4,456.6299999999999
2520,11,5,2283.5499999999993
2521,208,3,2105.3900000000003
2522,24,8,3216.4900000000002
2523,6,10,5877.280000000001
2524,184,6,2222.37
2525,303,1,217.51
2526,53,6,2467.14
2527,40,7,4600.009999999999
2528,25,7,4870.35
2529,98,7,4083.330000000001
2530,9,7,2746.93
2531,5,7,3162.3700000000003
2532,140,1,17.869999999999997
2533,18,3,1710.62
2534,45,7,1900.9299999999998
2535,14,6,3065.02
2536,7,6,4622.41
2537,22,11,6157.03
2538,35,9,5949.92
2539,40,5,2862.41
2540,20,7,3511.3599999999997
2541,20,2,1918.88
2542,43,7,6559.26
2543,22,4,4303.86
2544,32,6,3044.7999999999997
2545,117,3,1970.7799999999997
2546,19,4,974.54
2547,184,3,703.83
2548,3,13,6085.99
2549,57,4,2211.5599999999995
2550,11,5,3128.2700000000004
2551,265,4,2445.3
2552,35,6,4292.35
2553,150,7,3134.8
2554,59,5,2883.96
2555,1,6,5495.539999999999
2556,14,2,419.68000000000006
2557,30,3,4540.47
2558,32,4,2907.42
2559,12,8,2385.42
2560,45,11,5595.4400000000005
2561,1,4,4283.02
2562,101,7,3848.2200000000003
2563,57,5,1715.6099999999997
2564,47,5,1144.3500000000001
2565,29,9,7496.36
2566,17,10,3154.7799999999997
2567,71,4,1829.58
2568,72,4,1232.9499999999998
2569,75,7,3935.0799999999995
2570,93,8,4420.450000000002
2571,45,3,2222.29
2572,79,8,4558.42
2573,14,4,2007.8300000000002
2574,27,11,6276.370000000001
2575,10,5,2118
2576,78,7,2522.1800000000003
2577,93,6,2095.22
2578,38,4,1955.7800000000002
2579,49,3,788.5
2580,64,8,5690.449999999999
2581,134,5,3541.7
2582,52,5,2912.8100000000004
2583,92,4,2652.07
2584,38,5,2208.2400000000002
2585,5,7,3498.1099999999997
2586,19,3,1145.04
2587,64,9,4776.43
2588,178,3,3493.49
2589,67,5,3494.16
2590,50,6,5483
2591,42,6,5839.22
2592,37,8,6490.3
2593,60,4,937.8200000000002
2594,91,6,4895.55
2595,44,8,4631.380000000001
2596,72,5,3854.7900000000004
2597,5,6,4017.66
2598,87,6,3931.13
2599,53,7,4275
2600,171,3,3233.7700000000004
2601,36,8,4582.120000000001
2602,71,8,4240.080000000001
2603,14,7,4657.99
2604,86,6,2795.7900000000004
2605,115,5,4346.569999999999
2606,5,10,4718.429999999999
2607,5,8,1943.5099999999998
2608,17,7,1553.46
2609,181,8,2569.94
2610,112,8,5598.910000000001
2611,2,7,2609.86
2612,209,2,1145.41
2613,98,5,2848.79
2614,20,4,3002.51
2615,55,9,5517.120000000001
2616,42,11,6417.95
2617,126,7,6814.219999999999
2618,7,10,3007.9300000000003
2619,76,2,2659.5699999999997
2620,30,8,4919.55
2621,9,7,3235.9900000000002
2622,16,7,3800.0299999999997
2623,10,5,4136.080000000001
2624,27,5,2159.3100000000004
2625,84,4,1764.47
2626,41,4,2023.9499999999998
2627,33,6,4375.2699999999995
2628,173,4,1808.9200000000003
2629,44,6,5174.88
2630,62,10,4794.58
2631,27,3,866.46
2632,7,4,4100.59
2633,15,9,3696.87
2634,189,3,798.28
2635,68,8,5178.5599999999995
2636,30,3,407.9600000000001
2637,54,11,11222.65
2638,83,10,4047.25
2639,31,5,3676.22
2640,67,11,4246.5599999999995
2641,11,7,2661.43
2642,20,2,1915.8700000000001
2643,54,3,348.0899999999999
2644,60,2,1607.27
2645,32,6,1500.81
2646,119,5,2013.52
2647,12,8,3924.9800000000005
2648,35,5,4384.85
2649,129,4,3870.9599999999996
2650,25,6,2394.8200000000006
2651,15,9,6148.630000000001
2652,23,5,5319.91
2653,3,9,7365.480000000001
2654,108,9,5504.95
2655,157,6,4527.9400000000005
2656,138,7,4142.75
2657,182,3,2648.85
2658,36,5,1329.0900000000001
2659,0,12,8143.93
2661,8,5,3638.75
2662,62,9,6500.3
2663,164,5,2037.02
2664,134,7,3303.71
2665,30,3,3383.62
2666,256,4,1424.8200000000002
2667,98,5,2515.43
2668,61,5,1542.4099999999999
2669,48,3,1280.07
2670,58,3,1311.3899999999999
2671,100,7,3015.8299999999995
2672,15,8,2415.16
2673,90,5,1142.5399999999997
2674,44,5,3478.1400000000003
2675,95,5,2643.2400000000002
2676,5,6,2943.88
2677,27,5,1891.72
2678,113,5,2932.34
2679,85,6,3337.87
2680,16,9,3560.18
2681,50,5,2561.48
2682,38,8,3092.6200000000003
2683,16,6,4760.68
2684,38,9,6337.400000000001
2685,44,6,3039.4700000000003
2686,24,11,6119.7300000000005
2687,17,7,3107.24
2688,88,3,1017.75
2689,1,5,1614.96
2690,109,4,1082.15
2691,60,8,3088.9200000000005
2692,40,3,854.24
2693,1,6,2772.3099999999995
2694,29,4,1536.9
2695,4,9,8243.810000000001
2696,151,4,4142.869999999999
2697,33,7,4623.16
2698,12,7,3987.65
2699,60,5,1757.44
2700,71,4,1652.12
2701,52,9,4863.469999999999
2702,19,9,7613.27
2703,19,7,3679.59
2704,235,3,513.5799999999999
2705,2,9,6879.609999999999
2706,123,3,1343.6100000000001
2707,43,3,1323.2199999999998
2708,11,3,1879.3200000000002
2709,2,5,2115.3500000000004
2710,8,4,977.4100000000001
2711,63,6,2814.8700000000003
2712,16,6,4116.13
2713,0,3,942.6899999999999
2714,8,5,1252.4600000000005
2715,104,5,3221.8099999999995
2716,143,4,1036.0500000000002
2717,41,10,4576.02
2718,221,7,3783.3
2719,10,3,1101.08
2720,148,5,902.04
2721,114,2,1655.42
2722,73,6,1950.52
2723,40,8,6591.000000000001
2724,142,4,1980.71
2725,176,4,353.35000000000014
2726,27,10,5318.75
2727,49,5,4757.21
2728,7,8,4054.590000000001
2729,6,6,5280.35
2730,4,7,1604.23
2731,3,4,1513.52
2732,16,10,2833.9100000000003
2733,28,10,7827.41
2734,55,3,999.0300000000001
2735,148,2,836.04
2736,42,5,2449.81
2737,5,9,5371.5700000000015
2738,59,5,1252.9600000000003
2739,242,2,456.42
2740,26,8,4905.530000000001
2741,19,3,2316.34
2742,95,3,2031.1700000000003
2743,46,2,1428.62
2744,125,3,1264.73
2745,267,2,2772.1
2746,8,3,2316.34
2747,14,9,6371.150000000001
2748,6,4,2059.8299999999995
2749,34,1,327.9799999999999
2750,42,11,5964.049999999999
2751,3,8,3819.81
2752,12,4,3250.7200000000003
2753,67,11,5203.18
2754,186,3,3273.01
2755,28,13,6606.68
2756,56,4,1610.9700000000003
2757,144,3,3030.8300000000004
2758,15,4,670.1500000000001
2759,110,5,3775.9
2760,31,5,1757.19
2761,7,9,5082.02
2762,16,10,8237.49
2763,19,9,2910.2000000000003
2764,51,4,593.56
2765,46,6,2995.1800000000003
2766,47,6,6233.299999999999
2767,48,3,803.97
2768,23,6,3420.58
2769,46,6,4177.84
2770,30,9,10028.800000000001
2771,44,5,4754.2
2772,25,5,2446.2099999999996
2773,4,4,2293.1299999999997
2774,84,5,1542.6800000000003
2775,12,6,1922.1899999999996
2776,46,4,2295.62
2777,103,6,3307.1100000000006
2778,9,5,3348.4700000000003
2779,11,5,3277.5799999999995
2780,2,5,3092.1200000000003
2781,73,4,1289.3500000000001
2782,170,5,3450.83
2783,73,11,2757.7700000000004
2784,74,3,1075.06
2785,45,6,3411.619999999999
2786,3,6,2718.29
2787,37,6,6153
2788,44,11,9061.47
2789,24,2,549.09
2790,77,3,903.6600000000001
2791,14,7,6578.15
2792,218,3,1888.83
2793,34,8,4232.85
2794,5,7,6417.06
2795,91,3,2617.2200000000003
2796,8,7,3816.4300000000003
2797,75,6,1112.7300000000002
2798,154,5,799.8499999999999
2799,29,8,5460.139999999999
2800,41,5,352.22999999999996
2801,22,5,1567.0900000000001
2802,172,3,456.17999999999995
2803,30,6,2743.4100000000003
2804,58,7,3495.92
2805,3,5,4721.49
2806,68,8,3420.1299999999997
2807,353,1,133.7800000000002
2808,6,5,5190.91
2809,83,3,1182.96
2810,62,6,1185.7600000000004
2811,25,5,2448.4800000000005
2812,87,6,4558.550000000001
2813,204,5,3207.8700000000003
2814,13,4,3232.82
2815,27,9,4895.820000000001
2816,8,10,5878.469999999999
2817,15,3,1616.56
2818,99,4,3700.7799999999997
2819,162,4,2500.31
2820,58,7,4695.94
2821,51,5,1471.9100000000003
2822,11,9,5473.67
2823,12,4,1636.08
2824,122,6,5278.0199999999995
2825,112,4,1854.5300000000002
2826,11,12,6755.16
2827,107,5,2208.8900000000003
2828,115,2,262.52999999999986
2829,144,2,1747.0800000000002
2830,95,5,2490.7599999999993
2831,14,5,3975.17
2832,23,9,3531.57
2833,16,6,2638.92
2834,66,3,2115.86
2835,228,3,328.77
2836,13,10,4664.400000000001
2837,41,7,3171.39
2838,15,3,1554.3400000000001
2839,17,8,2693.04
2840,16,4,811.67
2841,16,7,6522.279999999999
2842,39,3,1410.6
2843,20,6,4117.49
2844,23,7,3710.1699999999996
2845,47,8,2497.72
2846,15,4,986.7099999999999
2847,44,7,4509.110000000001
2848,13,4,3121.17
2849,115,4,1549.8200000000002
2850,7,8,5043.070000000001
2851,9,8,4113.78
2852,25,6,3954
2853,81,8,4610.6
2854,83,4,2475.7200000000003
2855,39,2,63.830000000000005
2856,6,7,5583.33
2857,113,6,5373.63
2858,108,5,3119.3199999999997
2859,10,8,4153.82
2860,8,10,8357.7
2861,73,8,4518.2699999999995
2862,14,5,1870.13
2863,175,1,167.20999999999998
2864,17,4,3023
2865,0,7,5283.91
2866,78,4,2443.5700000000006
2867,95,5,1087.18
2868,25,4,2129.53
2869,116,6,1914.9099999999999
2870,109,2,135.89999999999992
2871,20,6,2345.9400000000005
2872,24,7,3109.93
2873,104,3,2127.43
2874,60,11,7910.310000000001
2875,35,4,3231.91
2876,325,1,209.84000000000003
2877,41,9,4947.27
2878,0,3,784.91
2879,14,8,5572.110000000001
2880,18,8,4772.5599999999995
2881,72,6,3646.6699999999996
2882,294,2,1486.38
2883,49,7,5553.209999999999
2884,14,8,3957.41
2885,94,9,4839.41
2886,39,8,4022.7899999999995
2887,24,9,6202.900000000001
2888,29,6,5055.73
2889,105,5,4722.62
2890,86,7,3978.89
2891,62,7,4629.950000000001
2892,12,5,4015.0199999999995
2893,59,3,3533.5599999999995
2894,86,9,7544.08
2895,258,2,950.56
2896,194,2,1319.83
2897,46,5,2828.37
2898,78,4,2343.0000000000005
2899,30,6,2554.4900000000002
2900,61,3,2041.2
2901,38,7,5850.34
2902,196,2,899.7599999999998
2903,26,3,1370.8
2904,23,7,3163.3900000000003
2905,8,4,689.79
2906,45,4,1408.35
2907,74,7,5213.35
2908,1,6,2066.49
2909,83,7,4644.23
2910,46,8,3564.73
2911,283,2,687.5100000000001
2912,46,13,8835.010000000002
2913,89,6,1548.6499999999996
2914,12,12,6835.96
2915,33,7,1661.9800000000002
2916,24,7,2509.8
2917,148,5,3758.87
2918,51,7,3469.6
2919,21,6,3489.3299999999995
2920,99,2,1774.7
2921,57,5,2718.2800000000007
2922,1,5,3257.52
2923,13,7,3149.25
2924,64,6,2561.67
2925,93,5,2770.16
2926,143,4,1341.6799999999998
2927,99,3,2440.02
2928,175,5,3739.8100000000004
2929,1,9,6692.39
2930,71,7,3166.93
2931,57,6,1700.5500000000002
2932,19,10,5823.709999999999
2933,95,5,1241.68
2934,61,6,3777.2599999999993
2935,6,7,2017.1799999999998
2936,59,7,5550.620000000001
2937,7,7,6294.38
2938,125,5,4655.53
2939,90,4,1600.4099999999999
2940,94,7,4384.62
2941,172,5,2769.25
2942,9,8,3872.23
2943,52,7,2125.2200000000003
2944,30,6,1458.81
2945,49,3,397.23
2946,31,10,3823.379999999999
2947,14,6,4595.070000000001
2948,111,5,2670.13
2949,13,3,952.8999999999999
2950,75,3,645.9899999999999
2951,85,9,4729.7300000000005
2952,27,5,2543.8900000000003
2953,75,5,2881.2100000000005
2954,6,6,2388.19
2955,19,8,4306.129999999999
2956,97,7,2683.67
2957,98,3,2844.83
2958,4,7,1892.12
2959,134,3,1835.26
2960,88,3,2935.67
2961,2,6,6234.869999999999
2962,77,3,444.6500000000001
2963,55,5,1205.8700000000001
2964,168,2,2411.89
2965,90,6,2422.7200000000003
2966,32,5,2629.22
2967,10,3,2466.2799999999997
2968,171,7,1644.27
2969,11,6,2998.0299999999997
2970,98,4,1111.1100000000001
2971,27,3,1511.3200000000002
2972,56,4,1188.88
2973,93,4,2016.03
2974,159,2,255.19
2975,169,3,2020.68
2976,6,4,3521.6300000000006
2977,9,5,1936.24
2978,147,3,827.7099999999999
2979,114,4,2582.7799999999997
2980,15,6,2573.04
2981,52,7,2643.87
2982,117,7,6366.75
2983,129,5,3344.1699999999996
2984,158,5,3865.9700000000003
2985,38,10,6308.16
2986,28,9,5017.74
2987,17,5,2846.6699999999996
2988,32,8,3034.9700000000003
2989,70,9,6845.0599999999995
2990,14,7,2584.6900000000005
2991,75,6,2602.5200000000004
2992,9,8,6871.540000000001
2993,9,8,5400.879999999999
2994,15,3,179.84
2995,10,5,3066.6800000000003
2996,21,3,1751.7199999999998
2997,31,6,2035.02
2998,66,3,2511.7
2999,8,11,8095.200000000001
3000,42,4,3354.27
3001,104,4,3378.5699999999997
3002,44,7,3193.23
3003,111,9,5168.139999999999
3004,113,5,3550.04
3005,189,3,2602.3099999999995
3006,30,4,3901.96
3007,3,7,4500.300000000001
3008,5,6,3216.01
3009,88,4,2250.3
3010,110,5,2413.3200000000006
3011,35,4,1349.76
3012,3,6,6440.129999999999
3013,4,9,3849.19
3014,19,9,4656.84
3015,46,10,6814.580000000001
3016,0,5,4253.5
3017,57,6,4124.12
3018,19,5,1798.2100000000003
3019,64,3,1138.54
3020,22,12,2771.48
3021,60,7,2943.7799999999997
3022,31,5,2614.37
3023,132,4,661.9399999999999
3024,50,2,3321.76
3025,125,2,1652.3
3026,92,6,1886.6
3027,31,5,1393.6600000000003
3028,46,5,3043.16
3029,121,4,1922.7499999999998
3030,24,7,2713.38
3031,2,5,2910.87
3032,40,7,6183.3099999999995
3033,158,2,1418.21
3034,48,5,2661.28
3035,38,5,2429.1600000000003
3036,156,5,3750.7200000000003
3037,185,3,1404.96
3038,46,6,3194.93
3039,69,9,4762.49
3040,203,2,2981.95
3041,124,2,1211.5700000000002
3042,11,6,1629.25
3043,11,4,2535.4700000000003
3044,4,9,5793.33
3045,65,6,5802.7699999999995
3046,228,5,3229.8599999999997
3047,34,5,3909.14
3048,4,13,8379.960000000003
3049,43,3,1833.49
3050,66,9,6353.120000000001
3051,140,4,2117.44
3052,54,2,666.31
3053,193,4,2338.53
3054,2,5,3330.78
3055,58,10,5955.54
3056,19,4,1246.69
3057,28,7,5049.14
3058,24,5,5935.450000000001
3059,142,2,2731.3099999999995
3060,29,11,5684.7300000000005
3061,59,9,3232.7599999999998
3062,46,6,2857.6800000000003
3063,92,5,1065.54
3064,55,7,2410.92
3065,5,5,1367.38
3066,164,4,1516.28
3067,39,6,3575.9
3068,79,6,3084.6500000000005
3069,70,3,1775.4799999999998
3070,119,4,399.2099999999999
3071,158,4,473.42999999999984
3072,67,7,3373.78
3073,251,3,1264.3300000000004
3074,10,7,4781.58
3075,81,6,2741.2900000000004
3076,209,4,1904.31
3077,16,7,3672.15
3078,169,3,1750.4299999999998
3079,131,4,1903.52
3080,4,9,4665.71
3081,106,6,5502.82
3082,16,5,1742.13
3083,69,6,2308.56
3084,15,6,3082.9000000000005
3085,25,5,2076.6800000000003
3086,11,10,5713.88
3087,84,6,3708.87
3088,3,7,2487.2300000000005
3089,27,4,3618.44
3090,198,5,3132.29
3091,307,2,1323.12
3092,160,3,920.72
3093,68,9,2964.62
3094,161,7,2859.96
3095,36,5,2799.4900000000002
3096,15,3,2717.0999999999995
3097,60,3,2427.07
3098,38,4,2968.25
3099,83,2,2079.57
3100,20,4,3919.57
3101,61,4,614.6199999999998
3102,106,5,2883.5099999999998
3103,59,8,5040.88
3104,49,7,3686.72
3105,10,6,4916.08
3106,199,5,3738.75
3107,95,4,3159.09
3108,53,7,5916.21
3109,169,5,3080.63
3110,17,3,1429.5400000000002
3111,48,5,1831.96
3112,11,8,3035.9599999999996
3113,109,8,4144.860000000001
3114,3,6,2760.99
3115,195,5,4020.9100000000003
3116,87,6,2861.63
3117,25,9,8531.16
3118,12,9,6243.8200000000015
3119,5,4,2330.3900000000003
3120,20,7,4179.110000000001
3121,48,6,3164.1299999999997
3122,143,5,3920.8999999999996
3123,0,4,1248.4899999999998
3124,38,3,401.5
3125,9,4,1702.4299999999998
3126,40,8,4916.639999999999
3127,35,4,3898.4999999999995
3128,104,5,3687.54
3129,16,5,3590.3700000000003
3130,0,5,3792.78
3131,17,8,2725.7599999999998
3132,23,5,3426.54
3133,11,6,2323.1599999999994
3134,64,7,7491.11
3135,121,7,3983.9700000000003
3136,25,4,1210.21
3137,116,7,2841.26
3138,69,5,3168.15
3139,11,3,1783.8
3140,40,3,673.21
3141,70,7,1696.3900000000003
3142,12,4,900
3143,20,11,3361.8399999999997
3144,64,3,665.1700000000001
3145,68,7,4067.64
3146,54,8,6856.09
3147,3,6,1273.0800000000004
3148,55,6,3460.33
3149,22,3,2036.78
3150,87,8,1234.13
3151,13,9,2916.57
3152,11,6,2168.41
3153,127,5,4732.48
3154,14,7,2243.1000000000004
3155,43,4,1250.08
3156,4,3,311.6099999999999
3157,10,8,4886.130000000001
3158,16,6,2532.4000000000005
3159,25,2,3222.44
3160,52,5,3690.8199999999997
3161,83,1,198.22000000000003
3162,110,2,2133.8799999999997
3163,14,6,1496.7800000000002
3164,98,5,2601.59
3165,77,8,3167.89
3166,47,7,5155.63
3167,73,4,3438.79
3168,91,5,5170.509999999999
3169,0,7,4539.950000000001
3170,44,6,4344.71
3171,75,3,2072.7200000000003
3172,55,4,676.9799999999999
3173,45,6,4681.849999999999
3174,24,6,2346.62
3175,260,3,1801.14
3176,24,9,2701.29
3177,68,7,2163.5899999999997
3178,29,5,4339.76
3179,268,1,459.46000000000015
3180,145,2,1189.1999999999998
3181,9,6,5001
3182,84,4,909.45
3183,11,8,2059.05
3184,68,8,5310.300000000001
3185,18,7,1939.7599999999998
3186,19,5,4279.33
3187,63,5,1034.6999999999998
3188,116,5,1363.1599999999999
3189,56,2,50.17999999999998
3190,92,8,2529.2999999999997
3191,7,8,5673.64
3192,188,4,2865.0899999999997
3193,10,6,2362.31
3194,86,3,2310.75
3195,49,9,3603.1900000000005
3196,50,7,2929.0099999999998
3197,3,5,2762.3199999999997
3198,101,4,3989.3499999999995
3199,13,8,6329.52
3200,39,5,1001.7500000000005
3201,21,7,5655.870000000001
3202,11,8,4083.3599999999997
3203,7,3,1744.21
3204,34,9,3570.0099999999998
3205,96,6,2261.79
3206,75,7,2991.0099999999998
3207,81,5,1263.28
3208,53,8,4121.17
3209,9,4,1732.03
3210,9,5,2023.6899999999998
3211,35,3,2302.94
3212,99,8,7666.649999999999
3213,68,5,2122.62
3214,68,4,2969.77
3215,66,7,7247.329999999998
3216,0,4,1236.19
3217,8,11,5564.08
3218,216,5,1526.8100000000002
3219,27,8,2096.27
3220,40,8,4304.22
3221,111,10,4743.610000000001
3222,15,2,808.8499999999999
3223,14,8,4605.400000000001
3224,51,9,4001.52
3225,8,7,4805.02
3226,20,4,366.04999999999995
3227,3,6,3386.57
3228,40,7,5814.45
3230,69,5,3890
3231,1,7,3569.0200000000004
3232,8,13,8903.619999999999
3233,80,3,781.4599999999998
3234,149,2,943.2
3235,222,1,574.6200000000001
3237,176,7,3919.85
3238,29,5,2076.8900000000003
3239,2,6,1768.67
3240,38,10,5534.52
3241,7,7,3770.6300000000006
3242,49,8,8252.69
3243,163,4,1202.8700000000001
3244,21,4,1007.1299999999999
3245,93,6,1935.5100000000002
3246,99,5,1947.8000000000002
3247,44,8,3802.5499999999997
3248,58,4,872.3900000000001
3249,33,8,6399.999999999999
3250,85,6,2762.5299999999997
3251,7,11,6264.88
3252,18,7,2574.5000000000005
3253,5,3,4031.6500000000005
3254,31,7,2001.9099999999999
3255,2,6,5322.5599999999995
3256,12,10,7287.870000000001
3257,6,3,2064.46
3258,17,8,4821.9
3259,32,2,421.01
3260,124,3,1938.37
3261,38,7,4363.99
3262,1,10,4290.8099999999995
3263,23,5,843.7100000000002
3264,23,9,4240.240000000002
3265,88,7,741.1299999999998
3266,71,7,2269.9299999999994
3267,88,6,4449.68
3268,132,6,4250.46
3269,35,4,1892.5600000000002
3270,122,5,2201.06
3271,90,5,1938.79
3272,295,1,41.129999999999995
3273,65,7,6133.65
3274,30,5,1519.3999999999999
3275,4,4,1581.05
3276,80,5,3655.39
3277,37,5,2535.9799999999996
3278,22,5,3216.13
3279,297,1,690.49
3280,134,8,6881.080000000001
3281,59,2,987.8200000000002
3282,16,4,2504.2799999999997
3283,0,7,5058.9
3284,278,6,2969.04
3285,19,6,3092.1400000000003
3286,9,11,5817.4400000000005
3287,76,3,3199.1000000000004
3288,32,6,4430.640000000001
3289,69,5,3476.23
3290,2,8,6520.130000000001
3291,46,4,2199.04
3292,301,1,15.080000000000005
3293,0,5,3649.71
3294,62,4,2826.8900000000003
3295,19,8,5246.610000000001
3296,64,11,4920.719999999999
3297,58,6,1521.43
3298,4,5,4214.38
3299,30,5,2747.57
3300,15,7,3936.4400000000005
3301,42,5,1929.7800000000002
3302,20,5,2658.49
3303,20,5,2547.0099999999998
3304,78,10,4236.210000000001
3305,39,2,124.78999999999999
3306,40,5,3473.13
3307,16,5,4311.99
3308,67,3,953.15
3309,24,5,2221.5
3310,51,5,3121.0400000000004
3311,65,4,1705.39
3312,6,4,3123.0299999999997
3313,54,6,2082.46
3314,58,6,2561.12
3315,1,7,4892.17
3316,20,2,1924.03
3317,87,4,1213.31
3318,151,4,3633.95
3319,22,7,2464.61
3320,137,10,2739.5
3321,96,3,324.77999999999986
3322,2,4,1066.19
3323,115,5,2791.5999999999995
3324,31,7,2986.959999999999
3325,45,5,3028.2
3326,29,13,10422.039999999999
3327,56,8,3782.7900000000004
3328,40,4,2068.3
3329,18,4,2083.2599999999998
3330,22,9,3445.4900000000007
3331,36,5,3159.58
3332,5,6,2799.26
3333,191,5,1911.08
3334,73,8,2428.32
3335,3,7,3582.6899999999996
3336,74,6,5824.4800000000005
3337,6,8,4608
3338,4,4,1912.5300000000002
3339,38,6,1163.92
3340,113,6,2364.51
3341,49,4,921.6200000000001
3342,100,7,2820.79
3343,78,6,1490
3344,10,7,3962.06
3345,31,5,1367
3346,48,3,1511.5700000000002
3347,107,5,2978.0399999999995
3348,129,3,1136.0299999999997
3349,221,5,2496.51
3350,38,6,5796.16
3351,39,6,3138.49
3352,30,7,2839.35
3353,30,7,2608.4599999999996
3354,182,2,1860.5600000000002
3355,0,6,2464.6100000000006
3356,4,5,2799.7000000000007
3357,35,4,1441.0000000000002
3358,37,7,4447.21
3359,97,5,1120.8700000000001
3360,57,8,4179.51
3361,44,6,4752.7
3362,86,3,558.49
3363,4,6,1800.7199999999998
3364,120,5,3473.7900000000004
3365,71,6,4003.36
3366,44,4,2264.1
3367,82,6,4779.07
3368,29,5,3153.4799999999996
3369,76,6,2672.28
3370,42,7,4078.82
3371,41,9,4677.690000000001
3372,31,6,2684.47
3373,44,5,4048.46
3374,1,4,5034.57
3375,12,8,4285.9400000000005
3376,93,5,2173.3599999999997
3377,77,7,3395.35
3378,55,4,3399.0199999999995
3379,20,6,5599.080000000001
3380,63,5,2793.81
3381,195,5,4829.4
3382,19,10,4222.77
3383,29,6,4387.16
3384,29,6,2050.6600000000003
3385,54,4,1175.54
3386,7,5,2633.5
3387,82,8,5318.6900000000005
3388,25,8,3516.78
3389,54,6,4462.32
3390,18,5,3952.8900000000003
3391,19,5,2201.58
3392,74,1,114.93
3393,2,5,2095.77
3394,19,5,4073.2
3395,9,7,2586.85
3396,71,2,119.73
3397,89,2,808.8499999999999
3398,65,5,2666.0600000000004
3399,37,5,3084.76
3400,26,4,1402.9
3401,66,6,3847.02
3402,12,9,6036.1900000000005
3403,133,4,3253.38
3404,51,5,2729.79
3405,52,9,6167.709999999999
3406,46,10,5463.64
3407,18,8,3669.3600000000006
3408,22,5,1355.24
3409,73,7,3009.2999999999993
3410,241,3,1731.8400000000001
3411,30,7,5772.78
3412,44,4,2417.74
3413,25,4,4076.1800000000003
3414,162,3,1734.6000000000001
3415,61,6,4669.3
3416,122,3,1207.08
3417,95,8,3975.140000000001
3418,90,5,2033.0099999999998
3419,5,3,2591.33
3420,5,11,6808.179999999999
3421,28,10,4255.89
3422,32,5,2127.64
3423,77,4,751.3200000000002
3424,153,2,2056.27
3425,18,6,3350.14
3426,45,6,3713.52
3427,1,8,3921.0000000000005
3428,91,1,509.97
3429,121,4,2242.33
3430,63,7,1653.02
3431,28,10,6022.12
3432,106,8,3707.7000000000003
3433,0,10,5925.74
3434,64,5,1831.51
3435,136,5,2294.25
3436,22,7,3302.8199999999997
3437,102,5,2340.72
3438,174,5,3180.6400000000003
3439,74,6,2109.2799999999997
3440,32,5,1243.65
3441,138,5,2119.43
3442,203,4,1535.8399999999997
3443,29,6,3128.74
3444,39,2,1447.98
3445,14,6,3864.46
3446,4,2,308.78000000000003
3447,83,11,4324.389999999999
3448,10,5,2616.8
3449,149,4,1541.16
3450,98,6,5577.06
3451,15,9,4489.09
3452,2,2,1820.5700000000002
3453,72,6,2341.29
3454,115,5,1340.1099999999997
3455,9,6,1766.4800000000002
3456,63,3,2399.59
3457,97,3,1802.9
3458,108,4,1804.8799999999999
3459,66,3,2667.1400000000003
3460,55,9,8321.81
3461,136,7,4233.2
3462,21,5,4416.71
3463,57,4,993.9200000000001
3464,17,2,299.27
3465,72,10,4946.670000000001
3466,68,3,272.7900000000002
3467,5,6,5135
3468,1,7,1770.3600000000001
3469,36,4,1625.4399999999998
3470,2,8,7228.799999999999
3471,148,4,1914.1000000000004
3472,5,6,2779.58
3473,12,4,1504.21
3474,71,5,2358.99
3475,3,4,2515.14
3476,50,5,1152.3600000000001
3477,64,8,4401.92
3478,29,6,4297.849999999999
3479,31,6,2265.96
3480,16,4,1770.26
3481,54,7,2438.45
3482,27,8,5549.59
3483,117,6,2193.04
3484,79,7,5924.549999999999
3485,25,3,2491.4700000000003
3486,9,4,2972.3399999999997
3487,10,3,1837.75
3488,17,2,815.9499999999999
3489,108,6,2644.4399999999996
3490,166,5,2379.5699999999997
3491,189,4,1430.28
3492,80,3,2193.81
3493,93,6,3728.88
3494,4,4,2755.11
3495,13,7,3847.65
3496,256,4,2045.8400000000001
3497,52,3,1648.32
3498,127,6,3147.33
3499,51,7,4955.25
3500,144,6,1785.8600000000001
5034,84,3,269.48497189999995
